source_record_id,order_id,customer_region,customer_state,customer_city_code,customer_segment,order_status,purchase_ts,approval_ts,carrier_handoff_ts,delivered_ts,estimated_delivery_ts,return_ts,currency_code
ORDSRC0000001,ORD0000001,South,KA,KA-C24,Business,delivered,2025-10-20T03:33:21,2025-10-21T02:33:21,2025-10-23T18:33:21,2025-10-31T08:33:21,2025-10-27T03:33:21,,INR
ORDSRC0000002,ORD0000002,South,TS,TS-C24,New,delivered,2025-11-20T11:18:51,2025-11-20T20:18:51,2025-11-22T09:18:51,2025-11-25T08:18:51,2025-11-24T11:18:51,,INR
ORDSRC0000003,ORD0000003,Central,CG,CG-C08,Returning,returned,2025-09-27T01:04:50,2025-09-27T22:04:50,2025-09-30T02:04:50,2025-10-02T20:04:50,2025-10-01T01:04:50,2025-10-15T20:04:50,INR
ORDSRC0000004,ORD0000004,North,PB,PB-C14,Loyal,delivered,2025-08-25T16:14:10,2025-08-26T14:14:10,2025-08-29T05:14:10,2025-08-30T22:14:10,2025-08-30T16:14:10,,INR
ORDSRC0000005,ORD0000005,West,RJ,RJ-C02,Loyal,delivered,2025-09-07T00:15:23,2025-09-07T22:15:23,2025-09-09T22:15:23,2025-09-20T22:15:23,2025-09-17T00:15:23,,INR
ORDSRC0000006,ORD0000006,West,RJ,RJ-C01,New,delivered,2025-07-16T15:41:21,2025-07-16T22:41:21,2025-07-19T09:41:21,2025-07-29T13:41:21,2025-07-26T15:41:21,,INR
ORDSRC0000007,ORD0000007,South,AP,AP-C03,Loyal,delivered,2025-08-29T12:13:27,2025-08-29T17:13:27,2025-09-01T01:13:27,2025-09-03T09:13:27,2025-09-03T12:13:27,,INR
ORDSRC0000008,ORD0000008,West,RJ,RJ-C12,Returning,delivered,2025-04-06T08:45:12,2025-04-06T17:45:12,2025-04-07T11:45:12,2025-04-14T12:45:12,2025-04-10T08:45:12,,INR
ORDSRC0000009,ORD0000009,West,RJ,RJ-C02,Loyal,delivered,2025-01-27T07:23:04,2025-01-27T12:23:04,2025-01-28T23:23:04,2025-02-04T13:23:04,2025-02-06T07:23:04,,INR
ORDSRC0000010,ORD0000010,West,MH,MH-C25,Business,delivered,2025-08-27T08:58:16,2025-08-28T00:58:16,2025-08-28T19:58:16,2025-09-01T03:58:16,2027-01-15T00:00:00,,INR
ORDSRC0000011,ORD0000011,North,PB,PB-C08,New,delivered,2025-08-10T05:45:08,2025-08-10T20:45:08,2025-08-12T12:45:08,2025-08-19T11:45:08,2025-08-20T05:45:08,,INR
ORDSRC0000012,ORD0000012,North,UK,UK-C02,Loyal,delivered,2025-05-14T04:19:54,2025-05-14T07:19:54,2025-05-16T20:19:54,2025-05-23T01:19:54,2025-05-20T04:19:54,,INR
ORDSRC0000013,ORD0000013,South,TN,TN-C16,Business,delivered,2025-07-06T07:26:49,2025-07-06T15:26:49,2025-07-07T13:26:49,2025-07-15T08:26:49,2025-07-11T07:26:49,,INR
ORDSRC0000014,ORD0000014,West,GA,GA-C21,Loyal,delivered,2025-02-27T08:59:09,2025-02-28T01:59:09,2025-02-28T14:59:09,2025-03-05T12:59:09,2025-03-06T08:59:09,,INR
ORDSRC0000015,ORD0000015,West,GJ,GJ-C21,New,delivered,2025-06-23T03:48:40,2025-06-23T15:48:40,2025-06-26T11:48:40,2025-06-26T15:48:40,2025-06-28T03:48:40,,INR
ORDSRC0000016,ORD0000016,West,RJ,RJ-C08,New,delivered,2025-08-25T16:32:34,2025-08-26T07:32:34,2025-08-26T17:32:34,2025-09-04T17:32:34,2025-09-01T16:32:34,,INR
ORDSRC0000017,ORD0000017,North,DL,DL-C09,New,delivered,2025-08-28T14:16:14,2025-08-28T16:16:14,2025-08-29T18:16:14,2025-09-02T12:16:14,2025-09-02T14:16:14,,INR
ORDSRC0000018,ORD0000018,South,AP,AP-C15,New,cancelled,2025-03-02T17:01:46,2025-03-03T04:01:46,,,2025-03-09T17:01:46,,INR
ORDSRC0000019,ORD0000019,Central,MP,MP-C10,New,delivered,2025-10-29T02:05:11,2025-10-29T06:05:11,2025-10-30T07:05:11,2025-11-04T23:05:11,2025-11-06T02:05:11,,INR
ORDSRC0000020,ORD0000020,West,MH,MH-C23,Loyal,delivered,2025-01-17T06:46:29,2025-01-17T12:46:29,2025-01-18T00:46:29,2025-01-26T08:46:29,2025-01-27T06:46:29,,INR
ORDSRC0000021,ORD0000021,West,RJ,RJ-C01,New,delivered,2025-11-10T11:44:47,2025-11-11T00:44:47,2025-11-12T07:44:47,2025-11-18T17:44:47,2025-11-17T11:44:47,,INR
ORDSRC0000022,ORD0000022,North,DL,DL-C25,New,delivered,2025-05-26T18:30:41,2025-05-27T14:30:41,2025-05-29T09:30:41,2025-06-01T22:30:41,2025-06-03T18:30:41,,INR
ORDSRC0000023,ORD0000023,North,HR,HR-C18,Returning,shipped,2025-10-12T01:37:46,2025-10-12T09:37:46,2025-10-14T13:37:46,,2025-10-18T01:37:46,,INR
ORDSRC0000024,ORD0000024,West,GA,GA-C04,Business,delivered,2025-02-04T21:55:21,2025-02-05T11:55:21,2025-02-06T08:55:21,2025-02-15T19:55:21,2025-02-13T21:55:21,,INR
ORDSRC0000025,ORD0000025,North,HR,HR-C25,Returning,delivered,2025-08-17T20:49:05,2025-08-18T01:49:05,2025-08-18T16:49:05,2025-08-25T02:49:05,2025-08-24T20:49:05,,INR
ORDSRC0000026,ORD0000026,West,GA,GA-C16,Returning,delivered,2025-08-16T23:32:06,2025-08-17T18:32:06,2025-08-18T16:32:06,2025-08-23T02:32:06,2025-08-24T23:32:06,,INR
ORDSRC0000027,ORD0000027,South,KA,KA-C08,New,delivered,2025-11-25T10:33:05,2025-11-25T22:33:05,2025-11-28T04:33:05,2025-12-02T06:33:05,2025-12-04T10:33:05,,INR
ORDSRC0000028,ORD0000028,Central,MP,MP-C12,Returning,delivered,2025-08-25T01:20:39,2025-08-25T07:20:39,2025-08-27T15:20:39,2025-09-02T22:20:39,2025-09-03T01:20:39,,INR
ORDSRC0000029,ORD0000029,West,GA,GA-C13,Loyal,shipped,2025-11-25T04:59:49,2025-11-26T00:59:49,2025-11-28T18:59:49,,2025-12-03T04:59:49,,INR
ORDSRC0000030,ORD0000030,South,TN,TN-C14,Business,delivered,2025-03-24T13:13:54,2025-03-24T23:13:54,2025-03-27T09:13:54,2025-03-28T12:13:54,2025-03-29T13:13:54,,INR
ORDSRC0000031,ORD0000031,South,TN,TN-C21,Loyal,delivered,2025-06-23T21:28:03,2025-06-24T09:28:03,2025-06-25T08:28:03,2025-07-04T02:28:03,2025-07-02T21:28:03,,INR
ORDSRC0000032,ORD0000032,South,TN,TN-C29,New,delivered,2025-01-04T15:17:08,2025-01-05T04:17:08,2025-01-07T08:17:08,2025-01-14T11:17:08,2025-01-12T15:17:08,,INR
ORDSRC0000033,ORD0000033,Central,CG,CG-C01,Business,delivered,2025-02-05T00:41:33,2025-02-05T15:41:33,2025-02-08T07:41:33,2025-02-09T21:41:33,2025-02-10T00:41:33,,INR
ORDSRC0000034,ORD0000034,South,AP,AP-C02,Returning,delivered,2025-06-21T13:13:03,2025-06-22T13:13:03,2025-06-24T21:13:03,2025-06-28T09:13:03,2025-06-30T13:13:03,,INR
ORDSRC0000035,ORD0000035,East,OD,OD-C04,Returning,delivered,2025-11-02T08:17:30,2025-11-03T05:17:30,2025-11-04T09:17:30,2025-11-06T09:17:30,2025-11-06T08:17:30,,INR
ORDSRC0000036,ORD0000036,South,TN,TN-C09,New,delivered,2025-11-16T12:14:35,2025-11-17T08:14:35,2025-11-19T02:14:35,2025-11-25T11:14:35,2025-11-24T12:14:35,,INR
ORDSRC0000037,ORD0000037,North,UP,UP-C09,Business,delivered,2025-07-21T09:42:07,2025-07-22T06:42:07,2025-07-24T20:42:07,2025-08-02T10:42:07,2025-07-29T09:42:07,,INR
ORDSRC0000038,ORD0000038,East,WB,WB-C11,Business,cancelled,2025-08-18T06:24:43,2025-08-18T10:24:43,,,2025-08-26T06:24:43,,INR
ORDSRC0000039,ORD0000039,South,KL,KL-C25,Returning,delivered,2025-08-12T02:00:12,2025-08-12T17:00:12,2025-08-15T14:00:12,2025-08-21T00:00:12,2025-08-22T02:00:12,,INR
ORDSRC0000040,ORD0000040,North,PB,PB-C01,Returning,delivered,2025-02-01T03:57:22,2025-02-01T17:57:22,2025-02-02T08:57:22,2025-02-09T00:57:22,2025-02-06T03:57:22,,INR
ORDSRC0000041,ORD0000041,South,TN,TN-C21,Returning,delivered,2025-03-23T22:55:33,2025-03-24T09:55:33,2025-03-27T08:55:33,2025-03-31T03:55:33,2025-03-28T22:55:33,,INR
ORDSRC0000042,ORD0000042,North,HR,HR-C20,New,delivered,2025-07-30T07:53:59,2025-07-30T19:53:59,2025-08-01T22:53:59,2025-08-07T03:53:59,2025-08-08T07:53:59,,INR
ORDSRC0000043,ORD0000043,South,TN,TN-C16,New,delivered,2025-01-15T07:52:03,2025-01-15T09:52:03,2025-01-16T05:52:03,2025-01-25T06:52:03,2025-01-23T07:52:03,,INR
ORDSRC0000044,ORD0000044,North,DL,DL-C24,Loyal,delivered,2025-02-28T14:05:07,2025-03-01T14:05:07,2025-03-03T07:05:07,2025-03-06T15:05:07,2025-03-05T14:05:07,,INR
ORDSRC0000045,ORD0000045,West,RJ,RJ-C01,Returning,returned,2025-01-16T17:12:45,2025-01-17T04:12:45,2025-01-20T02:12:45,2025-01-27T13:12:45,2025-01-26T17:12:45,2025-02-04T13:12:45,INR
ORDSRC0000046,ORD0000046,West,GA,GA-C18,New,delivered,2025-09-10T10:54:19,2025-09-10T15:54:19,2025-09-13T01:54:19,2025-09-22T14:54:19,2025-09-19T10:54:19,,INR
ORDSRC0000047,ORD0000047,North,UP,UP-C10,Returning,delivered,2025-03-18T18:13:58,2025-03-18T20:13:58,2025-03-21T06:13:58,2025-03-30T15:13:58,2025-03-26T18:13:58,,INR
ORDSRC0000048,ORD0000048,South,TS,TS-C05,Returning,delivered,2025-03-22T09:31:53,2025-03-22T17:31:53,2025-03-23T10:31:53,2025-04-01T13:31:53,2025-04-01T09:31:53,,INR
ORDSRC0000049,ORD0000049,South,AP,AP-C02,Loyal,delivered,2025-08-16T20:25:33,2025-08-16T21:25:33,2025-08-18T02:25:33,2025-08-23T00:25:33,2025-08-21T20:25:33,,INR
ORDSRC0000050,ORD0000050,North,PB,PB-C10,Business,returned,2025-01-23T22:54:22,2025-01-24T09:54:22,2025-01-27T06:54:22,2025-01-29T17:54:22,2025-01-27T22:54:22,2025-02-09T17:54:22,INR
ORDSRC0000051,ORD0000051,East,BR,BR-C08,Loyal,returned,2025-03-14T11:36:24,2025-03-14T17:36:24,2025-03-15T09:36:24,2025-03-27T17:36:24,2025-03-23T11:36:24,2025-03-29T17:36:24,INR
ORDSRC0000052,ORD0000052,North,DL,DL-C19,New,delivered,2025-08-28T13:40:19,2025-08-29T10:40:19,2025-08-31T16:40:19,2025-09-05T14:40:19,2025-09-01T13:40:19,,INR
ORDSRC0000053,ORD0000053,South,AP,AP-C15,Loyal,delivered,2025-01-14T21:21:52,2025-01-15T05:21:52,2025-01-17T20:21:52,2025-01-21T18:21:52,2025-01-20T21:21:52,,INR
ORDSRC0000054,ORD0000054,West,RJ,RJ-C20,New,delivered,2025-09-01T15:49:17,2025-09-02T05:49:17,2025-09-03T10:49:17,2025-09-12T15:49:17,2025-09-09T15:49:17,,INR
ORDSRC0000055,ORD0000055,South,TS,TS-C19,New,delivered,2025-01-25T11:11:55,2025-01-26T05:11:55,2025-01-27T21:11:55,2025-02-02T06:11:55,2025-01-31T11:11:55,,INR
ORDSRC0000056,ORD0000056,Central,CG,CG-C08,New,delivered,2025-07-12T10:54:09,2025-07-13T04:54:09,2025-07-13T22:54:09,2025-07-18T07:54:09,2025-07-18T10:54:09,,INR
ORDSRC0000057,ORD0000057,Central,MP,MP-C01,Loyal,delivered,2025-09-30T18:51:33,2025-10-01T14:51:33,2025-10-04T04:51:33,2025-10-09T19:51:33,2025-10-06T18:51:33,,INR
ORDSRC0000058,ORD0000058,South,AP,AP-C06,Returning,delivered,2025-11-23T21:36:44,2025-11-24T05:36:44,2025-11-25T07:36:44,2025-11-26T02:36:44,2025-11-27T21:36:44,,INR
ORDSRC0000059,ORD0000059,East,WB,WB-C15,Loyal,delivered,2025-04-21T21:13:07,2025-04-21T23:13:07,2025-04-24T08:13:07,2025-04-29T15:13:07,2025-05-01T21:13:07,,INR
ORDSRC0000060,ORD0000060,Central,MP,MP-C02,Loyal,delivered,2025-02-27T06:02:34,2025-02-28T06:02:34,2025-03-02T01:02:34,2025-03-09T03:02:34,2025-03-09T06:02:34,,INR
ORDSRC0000061,ORD0000061,West,GA,GA-C25,Returning,cancelled,2025-01-22T07:47:07,2025-01-22T15:47:07,,,2025-01-29T07:47:07,,INR
ORDSRC0000062,ORD0000062,North,UP,UP-C28,Business,cancelled,2025-09-25T14:49:38,,,,2025-10-02T14:49:38,,INR
ORDSRC0000063,ORD0000063,South,TS,TS-C21,Loyal,cancelled,2025-06-12T14:13:21,,,,2025-06-20T14:13:21,,INR
ORDSRC0000064,ORD0000064,North,PB,PB-C18,Loyal,delivered,2025-09-28T11:10:46,2025-09-29T11:10:46,2025-10-02T07:10:46,2025-10-07T06:10:46,2025-10-05T11:10:46,,INR
ORDSRC0000065,ORD0000065,West,RJ,RJ-C25,Returning,delivered,2025-06-29T05:19:28,2025-06-29T06:19:28,2025-07-01T13:19:28,2025-07-07T07:19:28,2025-07-05T05:19:28,,INR
ORDSRC0000066,ORD0000066,South,TN,TN-C30,Returning,delivered,2025-07-16T19:55:14,2025-07-17T01:55:14,2025-07-17T13:55:14,2025-07-27T17:55:14,2025-07-25T19:55:14,,INR
ORDSRC0000067,ORD0000067,South,AP,AP-C11,New,delivered,2025-03-15T01:20:44,2025-03-15T15:20:44,2025-03-17T20:20:44,2025-03-25T06:20:44,2025-03-22T01:20:44,,INR
ORDSRC0000068,ORD0000068,South,KA,KA-C01,Returning,delivered,2025-07-24T21:27:23,2025-07-25T03:27:23,2025-07-26T12:27:23,2025-07-28T22:27:23,2025-07-28T21:27:23,,INR
ORDSRC0000069,ORD0000069,South,KA,KA-C15,Loyal,delivered,2025-01-18T07:42:42,2025-01-18T16:42:42,2025-01-19T08:42:42,2025-01-26T13:42:42,2025-01-28T07:42:42,,INR
ORDSRC0000070,ORD0000070,South,TN,TN-C19,Loyal,delivered,2025-04-04T01:00:57,2025-04-04T03:00:57,2025-04-06T09:00:57,2025-04-12T05:00:57,2025-04-11T01:00:57,,INR
ORDSRC0000071,ORD0000071,South,TS,TS-C22,Loyal,returned,2025-03-07T02:35:34,2025-03-07T11:35:34,2025-03-08T02:35:34,2025-03-19T08:35:34,2025-03-17T02:35:34,2025-03-22T08:35:34,INR
ORDSRC0000072,ORD0000072,West,MH,MH-C26,Business,delivered,2025-03-16T06:33:25,2025-03-17T01:33:25,2025-03-17T16:33:25,2025-03-25T11:33:25,2025-03-22T06:33:25,,INR
ORDSRC0000073,ORD0000073,East,BR,BR-C22,Returning,delivered,2025-08-25T05:24:57,2025-08-25T16:24:57,2025-08-27T07:24:57,2025-08-31T07:24:57,2025-08-29T05:24:57,,INR
ORDSRC0000074,ORD0000074,Central,CG,CG-C25,New,delivered,2025-09-05T21:14:24,2025-09-06T06:14:24,2025-09-07T22:14:24,2025-09-08T16:14:24,2025-09-10T21:14:24,,INR
ORDSRC0000075,ORD0000075,Central,MP,MP-C13,Loyal,delivered,2025-04-07T19:45:01,2025-04-08T04:45:01,2025-04-10T15:45:01,2025-04-18T17:45:01,2025-04-17T19:45:01,,INR
ORDSRC0000076,ORD0000076,North,UK,UK-C21,Business,delivered,2025-04-30T04:11:15,2025-04-30T17:11:15,2025-05-01T15:11:15,2025-05-11T04:11:15,2025-05-09T04:11:15,,INR
ORDSRC0000077,ORD0000077,West,GJ,GJ-C15,Returning,delivered,2025-07-23T09:41:10,2025-07-23T21:41:10,2025-07-26T16:41:10,2025-07-31T05:41:10,2025-08-01T09:41:10,,INR
ORDSRC0000078,ORD0000078,West,GJ,GJ-C09,Returning,delivered,2025-01-19T13:39:10,2025-01-19T16:39:10,2025-01-21T17:39:10,2025-02-02T16:39:10,2025-01-29T13:39:10,,INR
ORDSRC0000079,ORD0000079,East,WB,WB-C19,Loyal,delivered,2025-06-19T22:44:39,2025-06-20T14:44:39,2025-06-21T08:44:39,2025-06-29T03:44:39,2025-06-27T22:44:39,,INR
ORDSRC0000080,ORD0000080,North,UP,UP-C29,Returning,delivered,2025-05-11T19:07:02,2025-05-12T13:07:02,2025-05-14T20:07:02,2025-05-21T15:07:02,2025-05-20T19:07:02,,INR
ORDSRC0000081,ORD0000081,South,TS,TS-C13,Loyal,shipped,2025-10-18T05:17:50,2025-10-18T20:17:50,2025-10-20T03:17:50,,2025-10-26T05:17:50,,INR
ORDSRC0000082,ORD0000082,East,WB,WB-C07,Returning,delivered,2025-01-15T01:48:24,2025-01-15T12:48:24,2025-01-17T10:48:24,2025-01-23T01:48:24,2025-01-20T01:48:24,,INR
ORDSRC0000083,ORD0000083,North,PB,PB-C06,New,delivered,2025-03-27T21:34:13,2025-03-28T11:34:13,2025-03-28T23:34:13,2025-04-07T01:34:13,2025-04-03T21:34:13,,INR
ORDSRC0000084,ORD0000084,South,TN,TN-C29,Returning,shipped,2025-10-17T08:31:17,2025-10-17T20:31:17,2025-10-19T16:31:17,,2025-10-25T08:31:17,,INR
ORDSRC0000085,ORD0000085,South,KA,KA-C27,Loyal,delivered,2025-03-06T11:20:56,2025-03-06T15:20:56,2025-03-09T11:20:56,2025-03-18T11:20:56,2025-03-15T11:20:56,,INR
ORDSRC0000086,ORD0000086,East,WB,WB-C09,Loyal,delivered,2025-10-25T10:44:24,2025-10-26T02:44:24,2025-10-27T22:44:24,2025-11-07T05:44:24,2025-11-04T10:44:24,,INR
ORDSRC0000087,ORD0000087,South,KA,KA-C13,Loyal,cancelled,2025-07-15T01:40:50,2025-07-15T04:40:50,,,2025-07-22T01:40:50,,INR
ORDSRC0000088,ORD0000088,South,AP,AP-C13,New,delivered,2025-03-16T11:59:11,2025-03-16T20:59:11,2025-03-17T05:59:11,2025-03-28T14:59:11,2025-03-25T11:59:11,,INR
ORDSRC0000089,ORD0000089,West,GJ,GJ-C28,Loyal,delivered,2025-05-29T17:58:17,2025-05-29T22:58:17,2025-05-31T18:58:17,2025-06-01T12:58:17,2025-06-03T17:58:17,,INR
ORDSRC0000090,ORD0000090,Central,MP,MP-C26,Loyal,delivered,2025-03-25T10:50:40,2025-03-26T05:50:40,2025-03-28T12:50:40,2025-03-30T05:50:40,2025-03-31T10:50:40,,INR
ORDSRC0000091,ORD0000091,North,HR,HR-C05,Business,delivered,2025-04-26T18:45:44,2025-04-27T16:45:44,2025-04-28T23:45:44,2025-05-06T16:45:44,2025-05-06T18:45:44,,INR
ORDSRC0000092,ORD0000092,Central,CG,CG-C14,Returning,returned,2025-05-22T11:02:43,2025-05-23T09:02:43,2025-05-24T05:02:43,2025-05-25T10:02:43,2025-05-26T11:02:43,2025-05-29T10:02:43,INR
ORDSRC0000093,ORD0000093,North,DL,DL-C13,New,delivered,2025-11-21T19:31:11,2025-11-22T00:31:11,2025-11-23T03:31:11,2025-11-28T18:31:11,2025-11-26T19:31:11,,INR
ORDSRC0000094,ORD0000094,West,RJ,RJ-C17,Loyal,delivered,2025-10-15T07:18:48,2025-10-15T17:18:48,2025-10-15T16:18:48,2025-10-26T03:18:48,2025-10-25T07:18:48,,INR
ORDSRC0000095,ORD0000095,South,TS,TS-C15,Returning,delivered,2025-11-19T20:00:47,2025-11-19T23:00:47,2025-11-20T15:00:47,2025-12-02T19:00:47,2025-11-29T20:00:47,,INR
ORDSRC0000096,ORD0000096,East,OD,OD-C04,Returning,delivered,2025-06-24T09:55:24,2025-06-24T18:55:24,2025-06-26T12:55:24,2025-07-04T06:55:24,2025-07-01T09:55:24,,INR
ORDSRC0000097,ORD0000097,South,KA,KA-C26,Loyal,delivered,2025-09-18T04:57:30,2025-09-18T16:57:30,2025-09-19T16:57:30,2025-09-26T23:57:30,2025-09-27T04:57:30,,INR
ORDSRC0000098,ORD0000098,North,DL,DL-C08,Returning,delivered,2025-04-01T19:49:12,2025-04-02T13:49:12,2025-04-04T09:49:12,2025-04-08T20:49:12,2025-04-09T19:49:12,,INR
ORDSRC0000099,ORD0000099,West,GJ,GJ-C21,Business,delivered,2025-08-25T01:50:24,2025-08-25T09:50:24,2025-08-28T06:50:24,2025-09-04T03:50:24,2025-09-02T01:50:24,,INR
ORDSRC0000100,ORD0000100,North,UP,UP-C04,New,returned,2025-11-09T21:49:51,2025-11-10T18:49:51,2025-11-13T03:49:51,2025-11-15T02:49:51,2025-11-13T21:49:51,2025-11-19T02:49:51,INR
ORDSRC0000101,ORD0000101,Central,CG,CG-C18,New,delivered,2025-08-17T17:16:00,2025-08-18T10:16:00,2025-08-19T09:16:00,2025-08-24T16:16:00,2025-08-24T17:16:00,,INR
ORDSRC0000102,ORD0000102,South,TN,TN-C18,Returning,delivered,2025-10-28T00:40:32,2025-10-28T13:40:32,2025-10-30T04:40:32,2025-10-31T04:40:32,2025-11-01T00:40:32,,INR
ORDSRC0000103,ORD0000103,South,KL,KL-C15,Business,cancelled,2025-05-09T04:37:47,2025-05-09T14:37:47,,,2025-05-15T04:37:47,,INR
ORDSRC0000104,ORD0000104,East,WB,WB-C04,Loyal,delivered,2025-08-18T02:47:45,2025-08-18T05:47:45,2025-08-18T16:47:45,2025-08-25T06:47:45,2025-08-25T02:47:45,,INR
ORDSRC0000105,ORD0000105,South,KA,KA-C11,Returning,returned,2025-08-16T13:45:18,2025-08-16T15:45:18,2025-08-17T15:45:18,2025-08-23T14:45:18,2025-08-22T13:45:18,2025-08-27T14:45:18,INR
ORDSRC0000106,ORD0000106,East,JH,JH-C28,Loyal,delivered,2025-07-03T06:16:32,2025-07-03T10:16:32,2025-07-04T22:16:32,2025-07-09T06:16:32,2025-07-07T06:16:32,,INR
ORDSRC0000107,ORD0000107,East,WB,WB-C12,New,delivered,2025-08-22T22:32:34,2025-08-23T08:32:34,2025-08-24T07:32:34,2025-08-30T23:32:34,2025-08-31T22:32:34,,INR
ORDSRC0000108,ORD0000108,East,BR,BR-C07,New,delivered,2025-01-05T15:51:18,2025-01-05T19:51:18,2025-01-08T15:51:18,2025-01-13T21:51:18,2025-01-10T15:51:18,,INR
ORDSRC0000109,ORD0000109,West,GJ,GJ-C19,Returning,cancelled,2025-09-21T15:57:34,2025-09-22T09:57:34,,,2025-09-26T15:57:34,,INR
ORDSRC0000110,ORD0000110,Central,MP,MP-C08,Returning,delivered,2025-08-08T10:50:57,2025-08-08T12:50:57,2025-08-10T18:50:57,2025-08-12T04:50:57,2025-08-14T10:50:57,,INR
ORDSRC0000111,ORD0000111,North,DL,DL-C06,Business,shipped,2025-01-09T00:37:47,2025-01-09T09:37:47,2025-01-11T09:37:47,,2025-01-14T00:37:47,,INR
ORDSRC0000112,ORD0000112,East,WB,WB-C26,Loyal,delivered,2025-02-15T03:37:12,2025-02-15T15:37:12,2025-02-17T04:37:12,2025-02-21T09:37:12,2025-02-22T03:37:12,,INR
ORDSRC0000113,ORD0000113,Central,CG,CG-C12,Returning,delivered,2025-01-23T13:23:03,2025-01-24T08:23:03,2025-01-24T18:23:03,2025-02-01T18:23:03,2025-01-30T13:23:03,,INR
ORDSRC0000114,ORD0000114,South,KA,KA-C26,New,delivered,2025-05-03T16:23:42,2025-05-04T11:23:42,2025-05-05T16:23:42,2025-05-12T10:23:42,2025-05-11T16:23:42,,INR
ORDSRC0000115,ORD0000115,Central,MP,MP-C13,Returning,delivered,2025-06-18T09:51:40,2025-06-18T19:51:40,2025-06-20T21:51:40,2025-06-25T04:51:40,2025-06-26T09:51:40,,INR
ORDSRC0000116,ORD0000116,West,RJ,RJ-C15,Returning,delivered,2025-09-16T19:20:33,2025-09-17T11:20:33,2025-09-19T00:20:33,2025-09-23T21:20:33,2025-09-22T19:20:33,,INR
ORDSRC0000117,ORD0000117,Central,CG,CG-C01,Loyal,shipped,2025-02-02T20:39:16,2025-02-03T03:39:16,2025-02-03T22:39:16,,2025-02-06T20:39:16,,INR
ORDSRC0000118,ORD0000118,North,HR,HR-C27,Returning,delivered,2025-05-11T09:03:51,2025-05-11T12:03:51,2025-05-14T07:03:51,2025-05-21T13:03:51,2025-05-17T09:03:51,,INR
ORDSRC0000119,ORD0000119,West,RJ,RJ-C08,Loyal,delivered,2025-08-08T05:01:29,2025-08-08T15:01:29,2025-08-10T12:01:29,2025-08-16T02:01:29,2025-08-14T05:01:29,,INR
ORDSRC0000120,ORD0000120,South,TN,TN-C23,Loyal,delivered,2025-02-18T09:19:29,2025-02-18T10:19:29,2025-02-19T07:19:29,2025-03-02T06:19:29,2025-02-27T09:19:29,,INR
ORDSRC0000121,ORD0000121,South,TS,TS-C26,Loyal,delivered,2025-07-22T22:38:15,2025-07-23T07:38:15,2025-07-24T11:38:15,2025-07-31T21:38:15,2025-07-27T22:38:15,,INR
ORDSRC0000122,ORD0000122,North,DL,DL-C23,New,delivered,2025-05-28T12:44:32,2025-05-29T08:44:32,2025-05-31T03:44:32,2025-06-06T10:44:32,2025-06-02T12:44:32,,INR
ORDSRC0000123,ORD0000123,Central,MP,MP-C14,Returning,delivered,2025-08-09T13:08:37,2025-08-10T08:08:37,2025-08-12T22:08:37,2025-08-19T18:08:37,2025-08-19T13:08:37,,INR
ORDSRC0000124,ORD0000124,Central,CG,CG-C10,Loyal,cancelled,2025-06-13T17:11:51,2025-06-14T08:11:51,,,2025-06-17T17:11:51,,INR
ORDSRC0000125,ORD0000125,North,UK,UK-C02,Loyal,delivered,2025-04-14T12:55:27,2025-04-15T08:55:27,2025-04-17T09:55:27,2025-04-19T11:55:27,2025-04-19T12:55:27,,INR
ORDSRC0000126,ORD0000126,West,GJ,GJ-C11,Returning,delivered,2025-09-16T18:46:42,2025-09-16T22:46:42,2025-09-17T23:46:42,2025-09-26T19:46:42,2025-09-25T18:46:42,,INR
ORDSRC0000127,ORD0000127,East,WB,WB-C11,New,delivered,2025-07-01T18:29:10,2025-07-02T04:29:10,2025-07-04T02:29:10,2025-07-10T23:29:10,2025-07-06T18:29:10,,INR
ORDSRC0000128,ORD0000128,North,PB,PB-C21,Business,delivered,2025-09-13T21:20:28,2025-09-14T17:20:28,2025-09-17T05:20:28,2025-09-27T19:20:28,2025-09-23T21:20:28,,INR
ORDSRC0000129,ORD0000129,West,GJ,GJ-C22,New,delivered,2025-07-05T14:20:26,2025-07-05T21:20:26,2025-07-08T21:20:26,2025-07-15T10:20:26,2025-07-12T14:20:26,,INR
ORDSRC0000130,ORD0000130,North,UP,UP-C11,Returning,delivered,2025-05-21T00:33:05,2025-05-22T00:33:05,2025-05-24T05:33:05,2025-05-31T18:33:05,2025-05-29T00:33:05,,INR
ORDSRC0000131,ORD0000131,North,UK,UK-C05,Loyal,delivered,2025-09-28T01:31:06,2025-09-28T09:31:06,2025-09-29T21:31:06,2025-10-08T23:31:06,2025-10-07T01:31:06,,INR
ORDSRC0000132,ORD0000132,West,MH,MH-C13,Returning,delivered,2025-03-10T18:51:52,2025-03-11T12:51:52,2025-03-11T21:51:52,2025-03-20T15:51:52,2025-03-17T18:51:52,,INR
ORDSRC0000133,ORD0000133,East,JH,JH-C13,Returning,cancelled,2025-02-12T13:08:18,2025-02-12T16:08:18,,,2025-02-17T13:08:18,,INR
ORDSRC0000134,ORD0000134,Central,MP,MP-C27,Loyal,delivered,2025-08-30T05:38:37,2025-08-30T08:38:37,2025-09-01T13:38:37,2025-09-08T00:38:37,2025-09-09T05:38:37,,INR
ORDSRC0000135,ORD0000135,East,OD,OD-C03,Returning,delivered,2025-11-29T12:16:01,2025-11-29T17:16:01,2025-11-30T17:16:01,2025-12-03T09:16:01,2025-12-04T12:16:01,,INR
ORDSRC0000136,ORD0000136,Central,CG,CG-C27,Loyal,delivered,2025-08-04T04:21:24,2025-08-04T23:21:24,2025-08-07T11:21:24,2025-08-09T23:21:24,2025-08-10T04:21:24,,INR
ORDSRC0000137,ORD0000137,North,UP,UP-C21,New,delivered,2025-11-29T07:11:34,2025-11-30T07:11:34,2025-12-02T07:11:34,2025-12-02T11:11:34,2025-12-03T07:11:34,,INR
ORDSRC0000138,ORD0000138,North,PB,PB-C01,Returning,delivered,2025-09-20T14:55:29,2025-09-21T00:55:29,2025-09-21T21:55:29,2025-09-26T11:55:29,2025-09-25T14:55:29,,INR
ORDSRC0000139,ORD0000139,Central,MP,MP-C29,Returning,returned,2025-06-11T15:10:12,2025-06-12T09:10:12,2025-06-15T08:10:12,2025-06-18T14:10:12,2025-06-15T15:10:12,2025-06-21T14:10:12,INR
ORDSRC0000140,ORD0000140,South,AP,AP-C22,Returning,delivered,2025-10-06T10:56:55,2025-10-07T03:56:55,2025-10-09T05:56:55,2025-10-13T04:56:55,2025-10-13T10:56:55,,INR
ORDSRC0000141,ORD0000141,East,JH,JH-C21,New,delivered,2025-07-05T06:10:05,2025-07-06T01:10:05,2025-07-06T10:10:05,2025-07-09T07:10:05,2025-07-09T06:10:05,,INR
ORDSRC0000142,ORD0000142,South,TN,TN-C03,Loyal,delivered,2025-05-10T01:34:10,2025-05-10T17:34:10,2025-05-12T09:34:10,2025-05-18T02:34:10,2025-05-15T01:34:10,,INR
ORDSRC0000143,ORD0000143,East,OD,OD-C20,Returning,delivered,2025-06-23T21:49:23,2025-06-24T15:49:23,2025-06-26T00:49:23,2025-06-27T18:49:23,2025-06-28T21:49:23,,INR
ORDSRC0000144,ORD0000144,South,AP,AP-C21,New,delivered,2025-04-28T17:04:10,2025-04-28T20:04:10,2025-05-01T02:04:10,2025-05-07T22:04:10,2025-05-03T17:04:10,,INR
ORDSRC0000145,ORD0000145,East,WB,WB-C28,New,delivered,2025-04-27T00:40:36,2025-04-27T09:40:36,2025-04-29T10:40:36,2025-04-30T06:40:36,2025-05-02T00:40:36,,INR
ORDSRC0000146,ORD0000146,West,GJ,GJ-C17,Returning,delivered,2025-05-02T22:59:15,2025-05-03T01:59:15,2025-05-04T16:59:15,2025-05-11T02:59:15,2025-05-10T22:59:15,,INR
ORDSRC0000147,ORD0000147,South,TN,TN-C03,Returning,delivered,2025-03-09T08:50:34,2025-03-09T14:50:34,2025-03-11T14:50:34,2025-03-14T10:50:34,2025-03-13T08:50:34,,INR
ORDSRC0000148,ORD0000148,North,DL,DL-C03,Business,cancelled,2025-07-21T15:49:42,,,,2025-07-25T15:49:42,,INR
ORDSRC0000149,ORD0000149,South,AP,AP-C25,Loyal,delivered,2025-03-19T06:58:21,2025-03-20T03:58:21,2025-03-22T08:58:21,2025-03-31T00:58:21,2025-03-28T06:58:21,,INR
ORDSRC0000150,ORD0000150,West,GJ,GJ-C11,Business,delivered,2025-08-15T19:48:54,2025-08-16T02:48:54,2025-08-16T18:48:54,2025-08-23T21:48:54,2025-08-22T19:48:54,,INR
ORDSRC0000151,ORD0000151,North,HR,HR-C10,Returning,delivered,2025-06-13T18:59:43,2025-06-13T21:59:43,2025-06-15T01:59:43,2025-06-19T15:59:43,2025-06-19T18:59:43,,INR
ORDSRC0000152,ORD0000152,West,GA,GA-C14,Loyal,delivered,2025-01-16T20:38:06,2025-01-17T18:38:06,2025-01-20T12:38:06,2025-01-25T00:38:06,2025-01-26T20:38:06,,INR
ORDSRC0000153,ORD0000153,Central,MP,MP-C02,New,returned,2025-03-25T16:16:00,2025-03-26T15:16:00,2025-03-28T12:16:00,2025-04-01T22:16:00,2025-03-30T16:16:00,2025-04-02T22:16:00,INR
ORDSRC0000154,ORD0000154,West,RJ,RJ-C11,Loyal,delivered,2025-11-13T09:29:19,2025-11-14T08:29:19,2025-11-16T11:29:19,2025-11-20T15:29:19,2025-11-22T09:29:19,,INR
ORDSRC0000155,ORD0000155,North,HR,HR-C06,New,delivered,2025-05-08T03:29:54,2025-05-08T19:29:54,2025-05-09T22:29:54,2025-05-21T23:29:54,2025-05-18T03:29:54,,INR
ORDSRC0000156,ORD0000156,East,OD,OD-C13,Loyal,delivered,2025-03-26T19:46:39,2025-03-27T19:46:39,2025-03-30T14:46:39,2025-04-01T14:46:39,2025-04-01T19:46:39,,INR
ORDSRC0000157,ORD0000157,East,WB,WB-C29,Returning,delivered,2025-05-20T00:13:08,2025-05-20T02:13:08,2025-05-21T05:13:08,2025-05-25T01:13:08,2025-05-25T00:13:08,,INR
ORDSRC0000158,ORD0000158,South,TN,TN-C21,Returning,delivered,2025-07-14T23:41:55,2025-07-15T20:41:55,2025-07-18T05:41:55,2025-07-21T22:41:55,2025-07-23T23:41:55,,INR
ORDSRC0000159,ORD0000159,North,UK,UK-C12,New,delivered,2025-08-04T03:43:41,2025-08-04T09:43:41,2025-08-06T11:43:41,2025-08-15T02:43:41,2025-08-13T03:43:41,,INR
ORDSRC0000160,ORD0000160,Central,MP,MP-C12,Returning,delivered,2025-06-13T20:30:30,2025-06-14T17:30:30,2025-06-17T14:30:30,2025-06-17T18:30:30,2025-06-17T20:30:30,,INR
ORDSRC0000161,ORD0000161,West,MH,MH-C03,Returning,returned,2025-11-11T02:31:19,2025-11-11T22:31:19,2025-11-13T20:31:19,2025-11-19T05:31:19,2025-11-15T02:31:19,2025-11-30T05:31:19,INR
ORDSRC0000162,ORD0000162,South,TN,TN-C16,Returning,returned,2025-03-04T09:55:37,2025-03-05T00:55:37,2025-03-06T05:55:37,2025-03-10T10:55:37,2025-03-08T09:55:37,2025-03-13T10:55:37,INR
ORDSRC0000163,ORD0000163,North,PB,PB-C14,New,delivered,2025-06-14T09:15:40,2025-06-15T00:15:40,2025-06-17T02:15:40,2025-06-23T11:15:40,2025-06-23T09:15:40,,INR
ORDSRC0000164,ORD0000164,South,TN,TN-C29,Loyal,delivered,2025-10-15T07:29:31,2025-10-15T11:29:31,2025-10-17T12:29:31,2025-10-22T07:29:31,2025-10-22T07:29:31,,INR
ORDSRC0000165,ORD0000165,South,TN,TN-C27,Returning,shipped,2025-04-23T23:03:46,2025-04-24T11:03:46,2025-04-25T19:03:46,,2025-04-28T23:03:46,,INR
ORDSRC0000166,ORD0000166,West,RJ,RJ-C22,Returning,delivered,2025-03-27T05:01:51,2025-03-27T10:01:51,2025-03-28T20:01:51,2025-04-04T07:01:51,2025-04-04T05:01:51,,INR
ORDSRC0000167,ORD0000167,East,WB,WB-C29,New,delivered,2025-05-29T02:40:37,2025-05-29T23:40:37,2025-05-30T23:40:37,2025-05-31T05:40:37,2025-06-02T02:40:37,,INR
ORDSRC0000168,ORD0000168,South,TS,TS-C12,Returning,delivered,2025-10-31T22:17:09,2025-11-01T06:17:09,2025-11-02T15:17:09,2025-11-13T17:17:09,2025-11-09T22:17:09,,INR
ORDSRC0000169,ORD0000169,West,RJ,RJ-C04,Returning,delivered,2025-08-09T09:08:00,2025-08-10T08:08:00,2025-08-11T18:08:00,2025-08-16T12:08:00,2025-08-13T09:08:00,,INR
ORDSRC0000170,ORD0000170,West,RJ,RJ-C19,Returning,delivered,2025-04-06T09:32:19,2025-04-06T22:32:19,2025-04-07T15:32:19,2025-04-16T08:32:19,2025-04-15T09:32:19,,INR
ORDSRC0000171,ORD0000171,South,KL,KL-C11,Business,shipped,2025-11-03T12:10:15,2025-11-03T17:10:15,2025-11-04T02:10:15,,2025-11-09T12:10:15,,INR
ORDSRC0000172,ORD0000172,Central,MP,MP-C13,Returning,cancelled,2025-02-14T22:52:18,2025-02-15T17:52:18,,,2025-02-19T22:52:18,,INR
ORDSRC0000173,ORD0000173,West,RJ,RJ-C10,New,delivered,2025-06-14T01:50:56,2025-06-14T13:50:56,2025-06-16T12:50:56,2025-06-18T04:50:56,2025-06-20T01:50:56,,INR
ORDSRC0000174,ORD0000174,Central,CG,CG-C11,Business,delivered,2025-11-26T09:07:51,2025-11-27T02:07:51,2025-11-29T00:07:51,2025-12-02T11:07:51,2025-12-02T09:07:51,,INR
ORDSRC0000175,ORD0000175,East,WB,WB-C29,Business,shipped,2025-05-02T23:55:19,2025-05-03T01:55:19,2025-05-03T15:55:19,,2025-05-06T23:55:19,,INR
ORDSRC0000176,,South,KA,KA-C07,New,shipped,2025-08-31T07:17:35,2025-08-31T08:17:35,2025-08-31T23:17:35,,2025-09-07T07:17:35,,INR
ORDSRC0000177,ORD0000177,North,DL,DL-C07,Business,cancelled,2025-10-03T14:42:57,2025-10-04T13:42:57,,,2025-10-12T14:42:57,,INR
ORDSRC0000178,ORD0000178,East,JH,JH-C06,Returning,delivered,2025-05-11T23:27:54,2025-05-12T12:27:54,2025-05-14T02:27:54,2025-05-16T23:27:54,2025-05-16T23:27:54,,INR
ORDSRC0000179,ORD0000179,South,KA,KA-C11,Business,delivered,2025-09-26T18:32:38,2025-09-27T17:32:38,2025-09-30T03:32:38,2025-10-04T17:32:38,2025-09-30T18:32:38,,INR
ORDSRC0000180,ORD0000180,North,HR,HR-C22,Loyal,shipped,2025-10-24T19:50:53,2025-10-25T03:50:53,2025-10-26T00:50:53,,2025-10-29T19:50:53,,INR
ORDSRC0000181,ORD0000181,North,DL,DL-C10,Business,cancelled,2025-02-14T03:05:46,2025-02-14T19:05:46,,,2025-02-18T03:05:46,,INR
ORDSRC0000182,ORD0000182,North,UP,UP-C19,Returning,delivered,2025-01-11T20:45:54,2025-01-12T20:45:54,2025-01-14T17:45:54,2025-01-18T00:45:54,2025-01-17T20:45:54,,INR
ORDSRC0000183,ORD0000183,West,GA,GA-C22,Loyal,delivered,2025-01-18T16:05:04,2025-01-19T12:05:04,2025-01-20T05:05:04,2025-01-25T16:05:04,2025-01-25T16:05:04,,INR
ORDSRC0000184,ORD0000184,West,RJ,RJ-C26,Loyal,delivered,2025-04-25T15:18:42,2025-04-26T03:18:42,2025-04-29T00:18:42,2025-05-03T11:18:42,2025-04-29T15:18:42,,INR
ORDSRC0000185,ORD0000185,Central,CG,CG-C15,Loyal,delivered,2025-01-08T00:14:53,2025-01-08T23:14:53,2025-01-09T11:14:53,2025-01-17T18:14:53,2025-01-15T00:14:53,,INR
ORDSRC0000186,ORD0000186,Central,MP,MP-C05,Loyal,delivered,2025-03-29T22:03:50,2025-03-30T07:03:50,2025-04-01T22:03:50,2025-04-08T22:03:50,2025-04-04T22:03:50,,INR
ORDSRC0000187,ORD0000187,South,AP,AP-C15,Returning,delivered,2025-09-24T06:16:12,2025-09-24T21:16:12,2025-09-25T15:16:12,2025-10-02T09:16:12,2025-10-01T06:16:12,,INR
ORDSRC0000188,ORD0000188,Central,MP,MP-C16,Returning,delivered,2025-04-13T02:23:11,2025-04-13T17:23:11,2025-04-15T03:23:11,2025-04-24T06:23:11,2025-04-21T02:23:11,,INR
ORDSRC0000189,ORD0000189,Central,MP,MP-C25,Loyal,returned,2025-04-29T15:32:43,2025-04-30T11:32:43,2025-05-01T04:32:43,2025-05-07T12:32:43,2025-05-05T15:32:43,2025-05-16T12:32:43,INR
ORDSRC0000190,ORD0000190,South,TN,TN-C16,Returning,cancelled,2025-05-11T19:08:06,2025-05-12T17:08:06,,,2025-05-17T19:08:06,,INR
ORDSRC0000191,ORD0000191,North,PB,PB-C16,New,delivered,2025-01-03T16:51:43,2025-01-04T05:51:43,2025-01-05T18:51:43,2025-01-06T20:51:43,2025-01-07T16:51:43,,INR
ORDSRC0000192,ORD0000192,West,GA,GA-C06,New,delivered,2025-08-28T19:40:28,2025-08-29T04:40:28,2025-08-31T10:40:28,2025-09-07T18:40:28,2025-09-03T19:40:28,,INR
ORDSRC0000193,ORD0000193,South,AP,AP-C13,Loyal,delivered,2025-04-25T04:09:14,2025-04-25T21:09:14,2025-04-26T20:09:14,2025-05-04T06:09:14,2025-05-01T04:09:14,,INR
ORDSRC0000194,ORD0000194,North,HR,HR-C09,Loyal,delivered,2025-11-01T13:25:09,2025-11-02T10:25:09,2025-11-03T14:25:09,2025-11-09T10:25:09,2025-11-09T13:25:09,,INR
ORDSRC0000195,ORD0000195,West,RJ,RJ-C30,Loyal,delivered,2025-09-27T21:17:01,2025-09-28T14:17:01,2025-09-30T23:17:01,2025-10-08T17:17:01,2025-10-04T21:17:01,,INR
ORDSRC0000196,ORD0000196,North,UK,UK-C10,New,delivered,2025-09-29T16:39:02,2025-09-30T10:39:02,2025-09-30T18:39:02,2025-10-05T12:39:02,2025-10-05T16:39:02,,INR
ORDSRC0000197,ORD0000197,Central,MP,MP-C20,Business,delivered,2025-08-26T20:16:38,2025-08-27T04:16:38,2025-08-28T22:16:38,2025-09-02T18:16:38,2025-09-04T20:16:38,,INR
ORDSRC0000198,ORD0000198,East,WB,WB-C19,Loyal,delivered,2025-08-11T08:45:53,2025-08-11T17:45:53,2025-08-14T16:45:53,2025-08-19T07:45:53,2025-08-16T08:45:53,,INR
ORDSRC0000199,ORD0000199,East,JH,JH-C18,Loyal,delivered,2025-05-23T03:39:59,2025-05-23T04:39:59,2025-05-24T06:39:59,2025-06-03T01:39:59,2025-06-01T03:39:59,,INR
ORDSRC0000200,ORD0000200,North,HR,HR-C06,Loyal,delivered,2025-07-18T20:01:20,2025-07-18T21:01:20,2025-07-20T07:01:20,2025-07-20T23:01:20,2025-07-22T20:01:20,,INR
ORDSRC0000201,ORD0000201,West,RJ,RJ-C06,Returning,shipped,2025-01-19T03:41:06,2025-01-20T02:41:06,2025-01-21T07:41:06,,2025-01-23T03:41:06,,INR
ORDSRC0000202,ORD0000202,South,KA,KA-C30,Loyal,delivered,2025-09-05T00:13:05,2025-09-05T07:13:05,2025-09-07T07:13:05,2025-09-15T06:13:05,2025-09-15T00:13:05,,INR
ORDSRC0000203,ORD0000203,East,OD,OD-C02,Loyal,delivered,2025-08-18T00:44:23,2025-08-18T22:44:23,2025-08-20T13:44:23,2025-08-25T06:44:23,2025-08-27T00:44:23,,INR
ORDSRC0000204,ORD0000204,West,GA,GA-C20,New,delivered,2025-09-19T02:17:48,2025-09-19T20:17:48,2025-09-20T10:17:48,2025-09-30T21:17:48,2025-09-27T02:17:48,,INR
ORDSRC0000205,ORD0000205,East,WB,WB-C15,Returning,delivered,2025-05-22T01:15:32,2025-05-22T06:15:32,2025-05-25T06:15:32,2025-05-29T06:15:32,2025-05-31T01:15:32,,INR
ORDSRC0000206,ORD0000206,South,KL,KL-C23,Business,delivered,2025-07-16T10:44:26,2025-07-16T20:44:26,2025-07-18T20:44:26,2025-07-28T09:44:26,2025-07-24T10:44:26,,INR
ORDSRC0000207,ORD0000207,West,GA,GA-C29,Returning,delivered,2025-05-05T15:42:42,2025-05-06T14:42:42,2025-05-08T22:42:42,2025-05-11T20:42:42,2025-05-10T15:42:42,,INR
ORDSRC0000208,ORD0000208,West,GJ,GJ-C02,New,delivered,2025-10-05T12:40:14,2025-10-06T08:40:14,2025-10-08T12:40:14,2025-10-17T18:40:14,2025-10-14T12:40:14,,INR
ORDSRC0000209,ORD0000209,East,JH,JH-C11,New,delivered,2025-03-09T12:59:45,2025-03-09T18:59:45,2025-03-11T16:59:45,2025-03-21T13:59:45,2025-03-18T12:59:45,,INR
ORDSRC0000210,ORD0000210,West,GJ,GJ-C18,Returning,delivered,2025-04-13T22:12:57,2025-04-14T09:12:57,2025-04-16T06:12:57,2025-04-24T17:12:57,2025-04-23T22:12:57,,INR
ORDSRC0000211,ORD0000211,East,WB,WB-C26,New,returned,2025-08-04T04:55:50,2025-08-04T06:55:50,2025-08-05T11:55:50,2025-08-15T03:55:50,2025-08-13T04:55:50,2025-08-20T03:55:50,INR
ORDSRC0000212,ORD0000212,South,TS,TS-C26,Returning,delivered,2025-08-02T11:15:02,2025-08-02T22:15:02,2025-08-05T12:15:02,2025-08-11T12:15:02,2025-08-07T11:15:02,,INR
ORDSRC0000213,ORD0000213,South,KL,KL-C06,New,delivered,2025-06-28T02:11:26,2025-06-28T20:11:26,2025-06-29T18:11:26,2025-07-05T21:11:26,2025-07-06T02:11:26,,INR
ORDSRC0000214,ORD0000214,East,JH,JH-C16,Business,delivered,2025-09-30T19:23:13,2025-10-01T09:23:13,2025-10-02T18:23:13,2025-10-08T01:23:13,2025-10-08T19:23:13,,INR
ORDSRC0000215,ORD0000215,Central,CG,CG-C06,Loyal,delivered,2025-01-14T04:35:49,2025-01-14T05:35:49,2025-01-16T02:35:49,2025-01-21T09:35:49,2025-01-18T04:35:49,,INR
ORDSRC0000216,ORD0000216,West,GJ,GJ-C01,Business,delivered,2025-07-20T08:27:43,2025-07-20T19:27:43,2025-07-22T23:27:43,2025-07-26T02:27:43,2025-07-28T08:27:43,,INR
ORDSRC0000217,ORD0000217,South,TN,TN-C19,New,delivered,2025-05-10T02:07:57,2025-05-10T15:07:57,2025-05-13T04:07:57,2025-05-21T08:07:57,2025-05-18T02:07:57,,INR
ORDSRC0000218,ORD0000218,South,AP,AP-C11,New,delivered,2025-09-01T03:11:16,2025-09-01T17:11:16,2025-09-04T01:11:16,2025-09-11T07:11:16,2025-09-09T03:11:16,,INR
ORDSRC0000219,ORD0000219,West,GJ,GJ-C16,Returning,delivered,2025-08-18T13:04:39,2025-08-18T21:04:39,2025-08-20T01:04:39,2025-08-25T11:04:39,2025-08-25T13:04:39,,INR
ORDSRC0000220,ORD0000220,Central,CG,CG-C20,New,delivered,2025-07-10T16:27:45,2025-07-11T15:27:45,2025-07-13T14:27:45,2025-07-24T20:27:45,2025-07-20T16:27:45,,INR
ORDSRC0000221,ORD0000221,South,KL,KL-C17,Loyal,delivered,2025-09-01T08:02:24,2025-09-02T01:02:24,2025-09-04T05:02:24,2025-09-15T10:02:24,2025-09-11T08:02:24,,INR
ORDSRC0000222,ORD0000222,East,JH,JH-C23,Business,returned,2025-03-07T13:46:27,2025-03-07T15:46:27,2025-03-08T15:46:27,2025-03-14T15:46:27,2025-03-11T13:46:27,2025-03-20T15:46:27,INR
ORDSRC0000223,ORD0000223,Central,MP,MP-C29,Loyal,delivered,2025-05-01T13:07:53,2025-05-01T14:07:53,2025-05-01T22:07:53,2025-05-05T12:07:53,2025-05-06T13:07:53,,INR
ORDSRC0000224,ORD0000224,South,KL,KL-C15,New,delivered,2025-06-13T00:01:51,2025-06-13T09:01:51,2025-06-14T18:01:51,2025-06-21T23:01:51,2025-06-18T00:01:51,,INR
ORDSRC0000225,ORD0000225,East,BR,BR-C14,Loyal,delivered,2025-01-04T20:16:17,2025-01-05T13:16:17,2025-01-08T07:16:17,2025-01-10T18:16:17,2025-01-10T20:16:17,,INR
ORDSRC0000226,ORD0000226,South,TS,TS-C25,Business,delivered,2025-04-12T12:32:54,2025-04-13T01:32:54,2025-04-14T06:32:54,2025-04-19T17:32:54,2025-04-21T12:32:54,,INR
ORDSRC0000227,ORD0000227,Central,MP,MP-C12,Loyal,delivered,2025-08-07T23:37:53,2025-08-08T23:37:53,2025-08-11T11:37:53,2025-08-14T01:37:53,2025-08-14T23:37:53,,INR
ORDSRC0000228,ORD0000228,West,RJ,RJ-C13,Business,shipped,2025-08-03T11:33:14,2025-08-04T11:33:14,2025-08-05T01:33:14,,2025-08-08T11:33:14,,INR
ORDSRC0000229,ORD0000229,West,MH,MH-C15,Returning,delivered,2025-08-04T13:12:47,2025-08-05T01:12:47,2025-08-07T03:12:47,2025-08-10T19:12:47,2025-08-10T13:12:47,,INR
ORDSRC0000230,ORD0000230,East,JH,JH-C06,Returning,delivered,2025-03-20T02:24:00,2025-03-21T01:24:00,2025-03-21T21:24:00,2025-03-28T05:24:00,2025-03-25T02:24:00,,INR
ORDSRC0000231,ORD0000231,South,KL,KL-C10,New,delivered,2025-02-13T05:03:34,2025-02-13T17:03:34,2025-02-14T11:03:34,2025-02-20T23:03:34,2025-02-22T05:03:34,,INR
ORDSRC0000232,ORD0000232,East,WB,WB-C24,New,delivered,2025-09-05T15:00:14,2025-09-06T03:00:14,2025-09-07T16:00:14,2025-09-18T18:00:14,2025-09-14T15:00:14,,INR
ORDSRC0000233,ORD0000233,East,OD,OD-C26,New,delivered,2025-04-25T11:47:47,2025-04-26T08:47:47,2025-04-28T18:47:47,2025-05-03T13:47:47,2025-05-04T11:47:47,,INR
ORDSRC0000234,ORD0000234,South,AP,AP-C17,Returning,delivered,2025-07-28T22:39:42,2025-07-29T02:39:42,2025-07-31T20:39:42,2025-08-07T02:39:42,2025-08-04T22:39:42,,INR
ORDSRC0000235,ORD0000235,West,GA,GA-C17,Returning,delivered,2025-09-26T11:04:00,2025-09-27T08:04:00,2025-09-28T23:04:00,2025-10-03T08:04:00,2025-09-30T11:04:00,,INR
ORDSRC0000236,ORD0000236,South,TS,TS-C04,Loyal,delivered,2025-07-13T09:34:45,2025-07-13T16:34:45,2025-07-14T08:34:45,2025-07-18T12:34:45,2025-07-17T09:34:45,,INR
ORDSRC0000237,ORD0000237,West,RJ,RJ-C15,New,delivered,2025-07-31T15:19:27,2025-07-31T21:19:27,2025-08-02T22:19:27,2025-08-09T20:19:27,2025-08-08T15:19:27,,INR
ORDSRC0000238,ORD0000238,Central,MP,MP-C29,Returning,delivered,2025-09-29T23:45:07,2025-09-30T12:45:07,2025-10-03T05:45:07,2025-10-14T00:45:07,2025-10-09T23:45:07,,INR
ORDSRC0000239,ORD0000239,North,UP,UP-C15,Returning,delivered,2025-08-17T03:16:16,2025-08-17T18:16:16,2025-08-19T11:16:16,2025-08-25T02:16:16,2025-08-26T03:16:16,,INR
ORDSRC0000240,ORD0000240,East,WB,WB-C16,Loyal,delivered,2025-01-05T03:35:23,2025-01-05T05:35:23,2025-01-06T16:35:23,2025-01-13T07:35:23,2025-01-13T03:35:23,,INR
ORDSRC0000241,ORD0000241,East,BR,BR-C13,New,delivered,2025-06-03T15:12:06,2025-06-03T16:12:06,2025-06-04T05:12:06,2025-06-10T12:12:06,2025-06-10T15:12:06,,INR
ORDSRC0000242,ORD0000242,Central,MP,MP-C22,New,delivered,2025-10-03T03:41:32,2025-10-03T21:41:32,2025-10-04T08:41:32,2025-10-13T04:41:32,2025-10-12T03:41:32,,INR
ORDSRC0000243,ORD0000243,South,KA,KA-C14,New,delivered,2025-10-23T06:59:07,2025-10-24T04:59:07,2025-10-25T01:59:07,2025-10-28T05:59:07,2025-10-29T06:59:07,,INR
ORDSRC0000244,ORD0000244,South,KL,KL-C07,New,delivered,2025-11-15T07:38:38,2025-11-16T02:38:38,2025-11-16T11:38:38,2025-11-18T05:38:38,2025-11-19T07:38:38,,INR
ORDSRC0000245,ORD0000245,South,AP,AP-C16,Returning,delivered,2025-03-25T22:19:35,2025-03-26T07:19:35,2025-03-27T22:19:35,2025-04-03T01:19:35,2025-04-02T22:19:35,,INR
ORDSRC0000246,ORD0000246,East,BR,BR-C11,Business,delivered,2025-06-23T19:42:29,2025-06-24T16:42:29,2025-06-25T06:42:29,2025-06-30T15:42:29,2025-06-30T19:42:29,,INR
ORDSRC0000247,ORD0000247,North,HR,HR-C29,New,delivered,2025-06-22T17:14:37,2025-06-23T06:14:37,2025-06-24T00:14:37,2025-06-29T14:14:37,2025-06-30T17:14:37,,INR
ORDSRC0000248,ORD0000248,West,RJ,RJ-C20,Returning,shipped,2025-01-29T19:29:21,2025-01-30T17:29:21,2025-02-01T09:29:21,,2025-02-08T19:29:21,,INR
ORDSRC0000249,ORD0000249,East,JH,JH-C10,Returning,delivered,2025-04-22T17:27:38,2025-04-23T13:27:38,2025-04-24T08:27:38,2025-04-25T21:27:38,2025-04-27T17:27:38,,INR
ORDSRC0000250,ORD0000250,West,GA,GA-C16,Loyal,delivered,2025-03-09T14:10:25,2025-03-10T02:10:25,2025-03-12T21:10:25,2025-03-13T01:10:25,2025-03-13T14:10:25,,INR
ORDSRC0000251,ORD0000251,Central,MP,MP-C26,Returning,delivered,2025-10-14T04:27:57,2025-10-15T02:27:57,2025-10-16T15:27:57,2025-10-21T09:27:57,2025-10-23T04:27:57,,INR
ORDSRC0000252,ORD0000252,West,GJ,GJ-C05,Returning,delivered,2025-05-10T21:09:53,2025-05-10T22:09:53,2025-05-13T06:09:53,2025-05-18T21:09:53,2025-05-19T21:09:53,,INR
ORDSRC0000253,ORD0000253,South,KA,KA-C02,Returning,returned,2025-11-11T21:22:06,2025-11-12T12:22:06,2025-11-12T21:22:06,2025-11-18T22:22:06,2025-11-17T21:22:06,2025-11-26T22:22:06,INR
ORDSRC0000254,ORD0000254,North,UP,UP-C03,Returning,delivered,2025-08-22T04:37:09,2025-08-22T08:37:09,2025-08-24T19:37:09,2025-08-26T04:37:09,2025-08-28T04:37:09,,INR
ORDSRC0000255,ORD0000255,Central,MP,MP-C18,Loyal,delivered,2025-06-17T20:52:51,2025-06-18T06:52:51,2025-06-20T03:52:51,2025-06-27T23:52:51,2025-06-25T20:52:51,,INR
ORDSRC0000256,ORD0000256,Central,CG,CG-C15,Business,cancelled,2025-10-31T04:48:30,2025-10-31T10:48:30,,,2025-11-06T04:48:30,,INR
ORDSRC0000257,ORD0000257,South,KA,KA-C28,Returning,delivered,2025-07-30T19:31:38,2025-07-31T03:31:38,2025-08-01T11:31:38,2025-08-06T23:31:38,2025-08-06T19:31:38,,INR
ORDSRC0000258,ORD0000258,West,GA,GA-C21,Returning,delivered,2025-11-07T07:32:08,2025-11-07T23:32:08,2025-11-09T02:32:08,2025-11-11T07:32:08,2025-11-13T07:32:08,,INR
ORDSRC0000259,ORD0000259,North,DL,DL-C21,Returning,shipped,2025-01-22T19:04:02,2025-01-23T07:04:02,2025-01-26T06:04:02,,2025-01-31T19:04:02,,INR
ORDSRC0000260,ORD0000260,Central,CG,CG-C06,New,delivered,2025-07-28T13:27:06,2025-07-28T15:27:06,2025-07-30T14:27:06,2025-08-04T17:27:06,2025-08-06T13:27:06,,INR
ORDSRC0000261,ORD0000261,East,WB,WB-C25,Business,delivered,2025-09-06T02:13:41,2025-09-06T11:13:41,2025-09-08T20:13:41,2025-09-16T05:13:41,2025-09-12T02:13:41,,INR
ORDSRC0000262,ORD0000262,Central,MP,MP-C11,New,delivered,2025-08-05T16:37:54,2025-08-06T16:37:54,2025-08-08T17:37:54,2025-08-19T11:37:54,2025-08-15T16:37:54,,INR
ORDSRC0000263,ORD0000263,South,AP,AP-C25,New,delivered,2025-11-29T11:34:42,2025-11-29T16:34:42,2025-12-01T02:34:42,2025-12-07T12:34:42,2025-12-08T11:34:42,,INR
ORDSRC0000264,ORD0000264,South,AP,AP-C10,New,delivered,2025-04-09T07:33:31,2025-04-10T06:33:31,2025-04-12T17:33:31,2025-04-17T09:33:31,2025-04-17T07:33:31,,INR
ORDSRC0000265,ORD0000265,South,AP,AP-C12,Returning,delivered,2025-03-08T23:26:22,2025-03-09T22:26:22,2025-03-11T03:26:22,2025-03-17T21:26:22,2025-03-13T23:26:22,,INR
ORDSRC0000266,ORD0000266,South,KA,KA-C04,Returning,delivered,2025-11-18T02:42:52,2025-11-18T20:42:52,2025-11-19T05:42:52,2025-11-27T07:42:52,2025-11-28T02:42:52,,INR
ORDSRC0000267,ORD0000267,North,UP,UP-C17,New,delivered,2025-03-30T02:56:09,2025-03-30T20:56:09,2025-04-01T23:56:09,2025-04-11T02:56:09,2025-04-07T02:56:09,,INR
ORDSRC0000268,ORD0000268,West,MH,MH-C09,New,delivered,2025-07-17T03:18:39,2025-07-17T16:18:39,2025-07-19T20:18:39,2025-07-28T00:18:39,2025-07-25T03:18:39,,INR
ORDSRC0000269,ORD0000269,South,TS,TS-C05,Returning,delivered,2025-05-08T08:53:05,2025-05-08T13:53:05,2025-05-10T11:53:05,2025-05-16T09:53:05,2025-05-17T08:53:05,,INR
ORDSRC0000270,ORD0000270,South,KL,KL-C26,Returning,delivered,2025-07-03T13:19:29,2025-07-03T16:19:29,2025-07-06T00:19:29,2025-07-12T11:19:29,2025-07-09T13:19:29,,INR
ORDSRC0000271,ORD0000271,North,PB,PB-C29,Loyal,delivered,2025-05-25T15:49:28,2025-05-26T01:49:28,2025-05-26T10:49:28,2025-06-07T13:49:28,2025-06-03T15:49:28,,INR
ORDSRC0000272,ORD0000272,South,AP,AP-C27,Returning,returned,2025-08-17T11:18:54,2025-08-17T14:18:54,2025-08-19T10:18:54,2025-08-22T07:18:54,2025-08-23T11:18:54,2025-08-25T07:18:54,INR
ORDSRC0000273,ORD0000273,West,GA,GA-C07,Returning,delivered,2025-06-14T03:38:43,2025-06-14T23:38:43,2025-06-17T11:38:43,2025-06-24T05:38:43,2025-06-24T03:38:43,,INR
ORDSRC0000274,ORD0000274,East,BR,BR-C08,New,delivered,2025-04-24T01:31:19,2025-04-24T19:31:19,2025-04-26T18:31:19,2025-05-02T06:31:19,2025-05-02T01:31:19,,INR
ORDSRC0000275,ORD0000275,South,KA,KA-C25,New,delivered,2025-04-05T18:01:34,2025-04-06T12:01:34,2025-04-09T10:01:34,,2025-04-12T18:01:34,,INR
ORDSRC0000276,ORD0000276,East,BR,BR-C30,Returning,delivered,2025-08-15T06:34:48,2025-08-16T00:34:48,2025-08-18T08:34:48,2025-08-23T05:34:48,2025-08-23T06:34:48,,INR
ORDSRC0000277,ORD0000277,West,RJ,RJ-C12,Loyal,delivered,2025-09-19T21:55:10,2025-09-20T15:55:10,2025-09-21T21:55:10,2025-09-30T20:55:10,2025-09-28T21:55:10,,INR
ORDSRC0000278,ORD0000278,Central,MP,MP-C06,Returning,delivered,2025-06-07T01:29:08,2025-06-07T08:29:08,2025-06-08T00:29:08,2025-06-13T20:29:08,2025-06-16T01:29:08,,INR
ORDSRC0000279,ORD0000279,South,KL,KL-C23,New,delivered,2025-08-27T13:27:03,2025-08-28T13:27:03,2025-08-31T00:27:03,2025-09-03T10:27:03,2025-09-04T13:27:03,,INR
ORDSRC0000280,ORD0000280,West,RJ,RJ-C07,New,delivered,2025-05-14T16:43:48,2025-05-15T04:43:48,2025-05-16T13:43:48,2025-05-22T13:43:48,2025-05-20T16:43:48,,INR
ORDSRC0000281,ORD0000281,South,AP,AP-C22,Returning,delivered,2025-07-06T00:57:41,2025-07-06T16:57:41,2025-07-09T10:57:41,2025-07-16T05:57:41,2025-07-15T00:57:41,,INR
ORDSRC0000282,ORD0000282,South,KA,KA-C10,Returning,delivered,2025-08-12T02:23:04,2025-08-12T12:23:04,2025-08-14T19:23:04,2025-08-16T08:23:04,2025-08-16T02:23:04,,INR
ORDSRC0000283,ORD0000283,East,BR,BR-C14,Returning,cancelled,2025-02-17T13:49:54,2025-02-18T12:49:54,,,2025-02-26T13:49:54,,INR
ORDSRC0000284,ORD0000284,East,JH,JH-C29,Returning,delivered,2025-08-08T22:58:13,2025-08-09T21:58:13,2025-08-12T08:58:13,2025-08-20T23:58:13,2025-08-17T22:58:13,,INR
ORDSRC0000285,ORD0000285,North,UP,UP-C02,New,delivered,2025-09-12T16:37:59,2025-09-12T17:37:59,2025-09-14T13:37:59,2025-09-22T20:37:59,2025-09-18T16:37:59,,INR
ORDSRC0000286,ORD0000286,South,KA,KA-C03,Returning,delivered,2025-10-08T07:58:32,2025-10-09T01:58:32,2025-10-11T16:58:32,2025-10-17T06:58:32,2025-10-13T07:58:32,,INR
ORDSRC0000287,ORD0000287,South,KL,KL-C08,Loyal,delivered,2025-02-08T06:18:16,2025-02-09T00:18:16,2025-02-09T22:18:16,2025-02-18T03:18:16,2025-02-18T06:18:16,,INR
ORDSRC0000288,ORD0000288,East,JH,JH-C11,Returning,delivered,2025-05-26T10:13:56,2025-05-26T18:13:56,2025-05-29T17:13:56,2025-05-30T04:13:56,2025-06-01T10:13:56,,INR
ORDSRC0000289,ORD0000289,South,AP,AP-C07,New,delivered,2025-07-30T03:01:23,2025-07-30T08:01:23,2025-07-30T21:01:23,2025-08-10T21:01:23,2025-08-09T03:01:23,,INR
ORDSRC0000290,ORD0000290,East,JH,JH-C10,Loyal,shipped,2025-08-26T10:10:56,2025-08-27T01:10:56,2025-08-28T00:10:56,,2025-09-02T10:10:56,,INR
ORDSRC0000291,ORD0000291,South,AP,AP-C19,Returning,cancelled,2025-01-18T04:45:40,2025-01-19T04:45:40,,,2025-01-24T04:45:40,,INR
ORDSRC0000292,ORD0000292,North,DL,DL-C24,Returning,delivered,2025-11-13T17:51:54,2025-11-14T16:51:54,2025-11-17T02:51:54,2025-11-25T14:51:54,2025-11-21T17:51:54,,INR
ORDSRC0000293,ORD0000293,West,RJ,RJ-C26,New,delivered,2025-09-03T23:49:35,2025-09-04T13:49:35,2025-09-07T08:49:35,2025-09-10T05:49:35,2025-09-10T23:49:35,,INR
ORDSRC0000294,ORD0000294,West,MH,MH-C15,New,delivered,2025-05-31T23:38:13,2025-06-01T21:38:13,2025-06-04T20:38:13,2025-06-08T23:38:13,2025-06-10T23:38:13,,INR
ORDSRC0000295,ORD0000295,South,TS,TS-C14,New,delivered,2025-05-07T11:24:13,2025-05-07T23:24:13,2025-05-10T08:24:13,2025-05-15T16:24:13,2025-05-13T11:24:13,,INR
ORDSRC0000296,ORD0000296,South,TS,TS-C13,Returning,delivered,2025-05-27T03:26:33,2025-05-27T13:26:33,2025-05-30T01:26:33,2025-06-04T21:26:33,2025-06-03T03:26:33,,INR
ORDSRC0000297,ORD0000297,South,TS,TS-C18,New,delivered,2025-08-27T03:45:02,2025-08-27T11:45:02,2025-08-29T07:45:02,2025-09-04T04:45:02,2025-09-06T03:45:02,,INR
ORDSRC0000298,ORD0000298,Central,MP,MP-C03,Business,delivered,2025-06-18T16:03:49,2025-06-19T07:03:49,2025-06-21T03:03:49,2025-06-29T15:03:49,2025-06-27T16:03:49,,INR
ORDSRC0000299,ORD0000299,South,AP,AP-C16,Returning,delivered,2025-01-13T10:14:34,2025-01-14T10:14:34,2025-01-16T22:14:34,2025-01-21T13:14:34,2025-01-23T10:14:34,,INR
ORDSRC0000300,ORD0000300,North,DL,DL-C04,Business,cancelled,2025-10-29T15:30:57,2025-10-29T21:30:57,,,2025-11-04T15:30:57,,INR
ORDSRC0000301,ORD0000301,South,AP,AP-C11,Returning,delivered,2025-06-16T13:33:46,2025-06-16T18:33:46,2025-06-18T20:33:46,2025-06-19T16:33:46,2025-06-20T13:33:46,,INR
ORDSRC0000302,ORD0000302,West,RJ,RJ-C28,Returning,delivered,2025-11-22T06:26:43,2025-11-22T12:26:43,2025-11-25T09:26:43,2025-11-29T02:26:43,2025-11-26T06:26:43,,INR
ORDSRC0000303,ORD0000303,North,PB,PB-C26,Loyal,delivered,2025-02-04T21:37:02,2025-02-05T09:37:02,2025-02-08T01:37:02,2025-02-09T18:37:02,2025-02-08T21:37:02,,INR
ORDSRC0000304,ORD0000304,East,BR,BR-C14,New,delivered,2025-08-12T09:36:27,2025-08-12T23:36:27,2025-08-15T09:36:27,2025-08-15T13:36:27,2025-08-16T09:36:27,,INR
ORDSRC0000305,ORD0000305,South,KL,KL-C23,New,delivered,2025-02-14T06:11:59,2025-02-15T02:11:59,2025-02-16T09:11:59,2025-02-18T00:11:59,2025-02-19T06:11:59,,INR
ORDSRC0000306,ORD0000306,Central,CG,CG-C09,Loyal,delivered,2025-11-08T09:44:17,2025-11-08T22:44:17,2025-11-10T05:44:17,2025-11-14T05:44:17,2025-11-14T09:44:17,,INR
ORDSRC0000307,ORD0000307,South,TN,TN-C07,Loyal,delivered,2025-01-26T10:47:35,2025-01-26T21:47:35,2025-01-29T12:47:35,2025-02-06T16:47:35,2025-02-02T10:47:35,,INR
ORDSRC0000308,ORD0000308,East,OD,OD-C02,Returning,delivered,2025-02-23T02:15:54,2025-02-23T14:15:54,2025-02-25T06:15:54,2025-03-03T04:15:54,2025-03-02T02:15:54,,INR
ORDSRC0000309,ORD0000309,East,WB,WB-C12,Loyal,delivered,2025-06-16T01:52:30,2025-06-16T19:52:30,2025-06-17T21:52:30,2025-06-22T00:52:30,2025-06-21T01:52:30,,INR
ORDSRC0000310,ORD0000310,North,UK,UK-C28,New,delivered,2025-10-27T19:30:03,2025-10-28T11:30:03,2025-10-29T10:30:03,2025-10-29T19:30:03,2025-10-31T19:30:03,,INR
ORDSRC0000311,ORD0000311,North,PB,PB-C22,Returning,cancelled,2025-06-11T03:55:57,,,,2025-06-18T03:55:57,,INR
ORDSRC0000312,ORD0000312,South,KL,KL-C24,New,delivered,2025-03-09T07:35:01,2025-03-09T13:35:01,2025-03-11T09:35:01,2025-03-13T03:35:01,2025-03-13T07:35:01,,INR
ORDSRC0000313,ORD0000313,Central,MP,MP-C18,New,cancelled,2025-01-26T10:36:49,,,,2025-02-01T10:36:49,,INR
ORDSRC0000314,ORD0000314,North,UP,UP-C23,Loyal,delivered,2025-10-26T21:38:40,2025-10-27T03:38:40,2025-10-29T13:38:40,2025-11-04T22:38:40,2025-10-31T21:38:40,,INR
ORDSRC0000315,ORD0000315,East,JH,JH-C20,Loyal,delivered,2025-10-02T16:44:26,2025-10-03T10:44:26,2025-10-04T03:44:26,2025-10-13T10:44:26,2025-10-11T16:44:26,,INR
ORDSRC0000316,ORD0000316,South,AP,AP-C08,Loyal,delivered,2025-04-24T13:14:05,2025-04-25T04:14:05,2025-04-27T19:14:05,2025-05-02T07:14:05,2025-04-29T13:14:05,,INR
ORDSRC0000317,ORD0000317,South,KA,KA-C02,Returning,delivered,2025-06-14T04:39:25,2025-06-14T10:39:25,2025-06-15T15:39:25,2025-06-25T00:39:25,2025-06-24T04:39:25,,INR
ORDSRC0000318,ORD0000318,Central,CG,CG-C27,Loyal,delivered,2025-04-22T11:53:14,2025-04-22T16:53:14,2025-04-25T04:53:14,2025-04-30T06:53:14,2025-04-28T11:53:14,,INR
ORDSRC0000319,ORD0000319,South,TN,TN-C05,Loyal,returned,2025-03-05T19:24:06,2025-03-06T06:24:06,2025-03-07T17:24:06,2025-03-17T23:24:06,2025-03-13T19:24:06,2025-03-30T23:24:06,INR
ORDSRC0000320,ORD0000320,West,MH,MH-C11,Returning,delivered,2025-02-17T19:47:14,2025-02-18T17:47:14,2025-02-20T15:47:14,2025-02-20T19:47:14,2025-02-21T19:47:14,,INR
ORDSRC0000321,ORD0000321,East,OD,OD-C01,Returning,delivered,2025-01-20T19:51:39,2025-01-21T06:51:39,2025-01-23T08:51:39,2025-01-26T13:51:39,2025-01-24T19:51:39,,INR
ORDSRC0000322,ORD0000322,East,WB,WB-C02,New,delivered,2025-05-31T19:49:12,2025-05-31T20:49:12,2025-06-01T19:49:12,2025-06-10T01:49:12,2025-06-08T19:49:12,,INR
ORDSRC0000323,ORD0000323,East,WB,WB-C18,Returning,delivered,2025-10-04T06:20:58,2025-10-04T22:20:58,2025-10-06T11:20:58,2025-10-16T11:20:58,2025-10-13T06:20:58,,INR
ORDSRC0000324,ORD0000324,South,TS,TS-C24,Returning,delivered,2025-05-06T08:46:36,2025-05-06T17:46:36,2025-05-07T11:46:36,2025-05-18T02:46:36,2025-05-15T08:46:36,,INR
ORDSRC0000325,ORD0000325,North,UK,UK-C29,Loyal,returned,2025-02-01T06:08:11,2025-02-01T10:08:11,2025-02-02T15:08:11,2025-02-07T12:08:11,2025-02-09T06:08:11,2025-02-21T12:08:11,INR
ORDSRC0000326,ORD0000326,North,DL,DL-C20,Loyal,delivered,2025-10-07T14:41:08,2025-10-08T02:41:08,2025-10-10T12:41:08,2025-10-12T11:41:08,2025-10-11T14:41:08,,INR
ORDSRC0000327,ORD0000327,Central,MP,MP-C02,Loyal,delivered,2025-07-16T13:51:20,2025-07-17T12:51:20,2025-07-18T02:51:20,2025-07-27T12:51:20,2025-07-23T13:51:20,,INR
ORDSRC0000328,ORD0000328,South,TS,TS-C18,Loyal,delivered,2025-01-12T10:45:14,2025-01-13T01:45:14,2025-01-15T05:45:14,2025-01-23T15:45:14,2025-01-19T10:45:14,,INR
ORDSRC0000329,ORD0000329,South,KL,KL-C07,Loyal,returned,2025-11-12T01:41:04,2025-11-12T13:41:04,2025-11-14T08:41:04,2025-11-23T02:41:04,2025-11-19T01:41:04,2025-12-06T02:41:04,INR
ORDSRC0000330,ORD0000330,North,HR,HR-C05,Returning,delivered,2025-11-09T04:17:36,2025-11-10T01:17:36,2025-11-10T16:17:36,2025-11-15T06:17:36,2025-11-16T04:17:36,,INR
ORDSRC0000331,ORD0000331,South,TS,TS-C19,Returning,delivered,2025-05-18T21:57:47,2025-05-19T08:57:47,2025-05-19T16:57:47,2025-05-31T18:57:47,2025-05-28T21:57:47,,INR
ORDSRC0000332,ORD0000332,East,JH,JH-C16,Business,delivered,2025-02-07T03:02:21,2025-02-07T17:02:21,2025-02-08T23:02:21,2025-02-10T04:02:21,2025-02-11T03:02:21,,INR
ORDSRC0000333,ORD0000333,South,TS,TS-C30,Loyal,delivered,2025-10-24T01:26:00,2025-10-24T19:26:00,2025-10-26T17:26:00,2025-10-31T00:26:00,2025-11-01T01:26:00,,INR
ORDSRC0000334,ORD0000334,South,KL,KL-C13,Loyal,delivered,2025-04-13T23:18:45,2025-04-14T15:18:45,2025-04-16T02:18:45,2025-04-23T02:18:45,2025-04-20T23:18:45,,INR
ORDSRC0000335,ORD0000335,North,HR,HR-C18,Returning,delivered,2025-10-13T15:16:16,2025-10-13T22:16:16,2025-10-16T17:16:16,2025-10-18T13:16:16,2025-10-18T15:16:16,,INR
ORDSRC0000336,ORD0000336,South,TN,TN-C21,New,delivered,2025-08-12T07:38:19,2025-08-12T15:38:19,2025-08-14T07:38:19,2025-08-17T09:38:19,2025-08-16T07:38:19,,INR
ORDSRC0000337,ORD0000337,South,AP,AP-C04,Loyal,delivered,2025-07-05T19:49:29,2025-07-06T00:49:29,2025-07-06T16:49:29,2025-07-16T01:49:29,2025-07-15T19:49:29,,INR
ORDSRC0000338,ORD0000338,East,JH,JH-C29,Returning,delivered,2025-05-19T11:35:18,2025-05-20T07:35:18,2025-05-20T18:35:18,2025-05-29T15:35:18,2025-05-29T11:35:18,,INR
ORDSRC0000339,ORD0000339,West,GJ,GJ-C22,Returning,delivered,2025-07-18T21:19:01,2025-07-19T06:19:01,2025-07-20T05:19:01,2025-07-27T22:19:01,2025-07-27T21:19:01,,INR
ORDSRC0000340,ORD0000340,South,KA,KA-C23,Loyal,delivered,2025-07-03T22:31:00,2025-07-04T12:31:00,2025-07-05T16:31:00,2025-07-07T17:31:00,2025-07-09T22:31:00,,INR
ORDSRC0000341,ORD0000341,North,UP,UP-C07,Returning,delivered,2025-03-03T09:28:48,2025-03-04T01:28:48,2025-03-04T11:28:48,2025-03-08T03:28:48,2025-03-07T09:28:48,,INR
ORDSRC0000342,ORD0000342,West,RJ,RJ-C15,New,delivered,2025-11-08T10:29:16,2025-11-08T20:29:16,2025-11-10T06:29:16,2025-11-13T10:29:16,2025-11-14T10:29:16,,INR
ORDSRC0000343,ORD0000343,North,HR,HR-C02,Returning,delivered,2025-01-03T23:43:33,2025-01-04T13:43:33,2025-01-07T13:43:33,2025-01-15T05:43:33,2025-01-10T23:43:33,,INR
ORDSRC0000344,ORD0000344,North,UK,UK-C10,Business,delivered,2025-07-27T20:42:37,2025-07-27T23:42:37,2025-07-30T22:42:37,2025-08-04T00:42:37,2025-08-04T20:42:37,,INR
ORDSRC0000345,ORD0000345,East,OD,OD-C10,Loyal,delivered,2025-01-11T10:48:28,2025-01-11T12:48:28,2025-01-14T06:48:28,2025-01-16T16:48:28,2025-01-16T10:48:28,,INR
ORDSRC0000346,ORD0000346,South,AP,AP-C13,Returning,delivered,2025-09-30T21:47:41,2025-10-01T20:47:41,2025-10-02T17:47:41,2025-10-08T22:47:41,2025-10-05T21:47:41,,INR
ORDSRC0000347,ORD0000347,West,MH,MH-C28,Returning,delivered,2025-09-04T14:08:51,2025-09-04T21:08:51,2025-09-05T14:08:51,2025-09-14T08:08:51,2025-09-14T14:08:51,,INR
ORDSRC0000348,ORD0000348,North,DL,DL-C19,Loyal,delivered,2025-03-15T04:44:12,2025-03-15T21:44:12,2025-03-16T22:44:12,2025-03-22T22:44:12,2025-03-21T04:44:12,,INR
ORDSRC0000349,ORD0000349,South,TN,TN-C13,Loyal,delivered,2025-05-01T15:55:26,2025-05-01T23:55:26,2025-05-03T16:55:26,2025-05-04T19:55:26,2025-05-05T15:55:26,,INR
ORDSRC0000350,ORD0000350,East,WB,WB-C30,Business,delivered,2025-09-11T12:12:58,2025-09-12T00:12:58,2025-09-15T00:12:58,2025-09-22T10:12:58,2025-09-20T12:12:58,,INR
ORDSRC0000351,ORD0000351,East,JH,JH-C22,Business,delivered,2025-08-21T10:09:15,2025-08-22T02:09:15,2025-08-24T02:09:15,2025-08-30T09:09:15,2025-08-31T10:09:15,,INR
ORDSRC0000352,ORD0000352,West,GJ,GJ-C11,Loyal,delivered,2025-07-01T22:50:44,2025-07-02T11:50:44,2025-07-04T23:50:44,2025-07-10T22:50:44,2025-07-06T22:50:44,,INR
ORDSRC0000353,ORD0000353,South,KA,KA-C15,Returning,delivered,2025-02-26T20:35:07,2025-02-27T05:35:07,2025-03-01T07:35:07,2025-03-06T22:35:07,2025-03-04T20:35:07,,INR
ORDSRC0000354,ORD0000354,South,KA,KA-C19,Returning,delivered,2025-10-09T12:18:54,2025-10-09T13:18:54,2025-10-11T15:18:54,2025-10-17T07:18:54,2025-10-14T12:18:54,,INR
ORDSRC0000355,ORD0000355,Central,CG,CG-C13,New,delivered,2025-03-13T19:12:59,2025-03-14T00:12:59,2025-03-15T15:12:59,2025-03-21T22:12:59,2025-03-20T19:12:59,,INR
ORDSRC0000356,ORD0000356,South,TS,TS-C13,Returning,returned,2025-09-15T05:49:37,2025-09-15T22:49:37,2025-09-16T22:49:37,2025-09-21T05:49:37,2025-09-23T05:49:37,2025-10-02T05:49:37,INR
ORDSRC0000357,ORD0000357,West,GA,GA-C03,New,delivered,2025-09-11T10:17:43,2025-09-11T17:17:43,2025-09-13T07:17:43,2025-09-15T09:17:43,2025-09-17T10:17:43,,INR
ORDSRC0000358,ORD0000358,North,PB,PB-C11,New,delivered,2025-01-31T16:31:57,2025-01-31T20:31:57,2025-02-01T16:31:57,2025-02-05T21:31:57,2025-02-07T16:31:57,,INR
ORDSRC0000359,ORD0000359,North,UP,UP-C06,New,delivered,2025-04-29T10:30:23,2025-04-29T18:30:23,2025-05-01T15:30:23,2025-05-06T05:30:23,2025-05-08T10:30:23,,INR
ORDSRC0000360,ORD0000360,South,TN,TN-C10,Returning,delivered,2025-11-07T17:03:36,2025-11-07T23:03:36,2025-11-09T20:03:36,2025-11-10T00:03:36,2025-11-11T17:03:36,,INR
ORDSRC0000361,ORD0000361,South,TN,TN-C21,New,delivered,2025-08-21T06:30:06,2025-08-21T10:30:06,2025-08-23T15:30:06,2025-08-30T10:30:06,2025-08-28T06:30:06,,INR
ORDSRC0000362,ORD0000362,South,TS,TS-C12,Returning,delivered,2025-06-07T22:09:24,2025-06-08T20:09:24,2025-06-10T05:09:24,2025-06-11T23:09:24,2025-06-13T22:09:24,,INR
ORDSRC0000363,ORD0000363,South,TN,TN-C16,Returning,delivered,2025-04-03T02:54:29,2025-04-03T14:54:29,2025-04-04T07:54:29,2025-04-08T05:54:29,2025-04-08T02:54:29,,INR
ORDSRC0000364,ORD0000364,North,UK,UK-C09,Loyal,delivered,2025-08-08T08:56:08,2025-08-08T23:56:08,2025-08-10T22:56:08,2025-08-17T04:56:08,2025-08-17T08:56:08,,INR
ORDSRC0000365,ORD0000365,West,GJ,GJ-C08,Returning,delivered,2025-11-27T13:00:31,2025-11-27T19:00:31,2025-11-29T09:00:31,2025-12-09T18:00:31,2025-12-07T13:00:31,,INR
ORDSRC0000366,ORD0000366,South,AP,AP-C19,Returning,delivered,2025-03-19T07:48:36,2025-03-20T00:48:36,2025-03-21T22:48:36,2025-03-31T02:48:36,2025-03-28T07:48:36,,INR
ORDSRC0000367,ORD0000367,West,GA,GA-C23,New,delivered,2025-09-27T02:16:21,2025-09-27T03:16:21,2025-09-28T14:16:21,2025-09-30T00:16:21,2025-10-02T02:16:21,,INR
ORDSRC0000368,ORD0000368,East,WB,WB-C06,New,delivered,2025-05-08T00:07:03,2025-05-08T07:07:03,2025-05-10T13:07:03,2025-05-14T00:07:03,2025-05-12T00:07:03,,INR
ORDSRC0000369,ORD0000369,West,RJ,RJ-C28,Returning,delivered,2025-11-27T03:00:00,2025-11-27T17:00:00,2025-11-28T09:00:00,2025-12-03T04:00:00,2025-12-05T03:00:00,,INR
ORDSRC0000370,ORD0000370,East,WB,WB-C03,Loyal,delivered,2025-11-09T06:46:26,2025-11-09T20:46:26,2025-11-10T04:46:26,2025-11-15T07:46:26,2025-11-14T06:46:26,,INR
ORDSRC0000371,ORD0000371,South,TN,TN-C08,Returning,delivered,2025-03-21T17:13:49,2025-03-22T02:13:49,2025-03-24T02:13:49,2025-03-30T22:13:49,2025-03-27T17:13:49,,INR
ORDSRC0000372,ORD0000372,South,KA,KA-C12,New,delivered,2025-04-13T01:29:16,2025-04-13T18:29:16,2025-04-15T19:29:16,2025-04-26T19:29:16,2025-04-23T01:29:16,,INR
ORDSRC0000373,ORD0000373,East,OD,OD-C03,Returning,delivered,2025-06-04T15:51:53,2025-06-05T03:51:53,2025-06-05T17:51:53,2025-06-16T12:51:53,2025-06-14T15:51:53,,INR
ORDSRC0000374,ORD0000374,South,AP,AP-C15,New,delivered,2025-01-02T11:59:08,2025-01-02T16:59:08,2025-01-03T18:59:08,2025-01-10T17:59:08,2025-01-07T11:59:08,,INR
ORDSRC0000375,ORD0000375,Central,CG,CG-C29,Returning,delivered,2025-06-13T14:20:42,2025-06-14T14:20:42,2025-06-15T12:20:42,2025-06-21T18:20:42,2025-06-17T14:20:42,,INR
ORDSRC0000376,ORD0000376,South,KL,KL-C03,Returning,delivered,2025-01-22T13:45:33,2025-01-23T08:45:33,2025-01-24T12:45:33,2025-01-28T17:45:33,2025-01-30T13:45:33,,INR
ORDSRC0000377,ORD0000377,North,PB,PB-C29,Loyal,delivered,2025-08-01T14:14:36,2025-08-01T17:14:36,2025-08-02T09:14:36,2025-08-07T15:14:36,2025-08-07T14:14:36,,INR
ORDSRC0000378,ORD0000378,South,TS,TS-C23,Returning,delivered,2025-01-30T00:13:55,2025-01-30T07:13:55,2025-01-31T05:13:55,2025-02-05T18:13:55,2025-02-08T00:13:55,,INR
ORDSRC0000379,ORD0000379,North,UP,UP-C29,Returning,delivered,2025-08-31T00:52:24,2025-08-31T10:52:24,2025-09-02T02:52:24,2025-09-09T18:52:24,2025-09-10T00:52:24,,INR
ORDSRC0000380,ORD0000380,South,KA,KA-C04,Loyal,cancelled,2025-11-15T12:17:58,2025-11-16T08:17:58,,,2025-11-20T12:17:58,,INR
ORDSRC0000381,ORD0000381,South,KL,KL-C18,Business,delivered,2025-06-07T23:01:05,2025-06-08T06:01:05,2025-06-08T22:01:05,2025-06-11T20:01:05,2025-06-13T23:01:05,,INR
ORDSRC0000382,ORD0000382,West,MH,MH-C27,New,delivered,2025-10-18T07:34:54,2025-10-18T15:34:54,2025-10-20T02:34:54,2025-10-27T09:34:54,2025-10-27T07:34:54,,INR
ORDSRC0000383,ORD0000383,East,JH,JH-C26,Returning,delivered,2025-03-09T01:10:02,2025-03-09T02:10:02,2025-03-09T18:10:02,2025-03-17T23:10:02,2025-03-14T01:10:02,,INR
ORDSRC0000384,ORD0000384,South,AP,AP-C25,New,delivered,2025-10-02T08:09:36,2025-10-02T09:09:36,2025-10-03T20:09:36,2025-10-07T12:09:36,2025-10-06T08:09:36,,INR
ORDSRC0000385,ORD0000385,North,UK,UK-C30,New,delivered,2025-07-05T21:38:06,2025-07-05T22:38:06,2025-07-06T17:38:06,2025-07-16T23:38:06,2025-07-14T21:38:06,,INR
ORDSRC0000386,ORD0000386,North,UP,UP-C21,Returning,returned,2025-05-07T10:44:02,2025-05-08T09:44:02,2025-05-09T02:44:02,2025-05-16T05:44:02,2025-05-16T10:44:02,2025-05-19T05:44:02,INR
ORDSRC0000387,ORD0000387,South,TS,TS-C29,Returning,delivered,2025-03-10T14:10:56,2025-03-11T00:10:56,2025-03-13T18:10:56,2025-03-24T19:10:56,2025-03-20T14:10:56,,INR
ORDSRC0000388,ORD0000388,South,AP,AP-C26,New,returned,2025-05-02T05:39:39,2025-05-03T02:39:39,2025-05-04T17:39:39,2025-05-07T10:39:39,2025-05-09T05:39:39,2025-05-08T10:39:39,INR
ORDSRC0000389,ORD0000389,West,GA,GA-C14,Returning,delivered,2025-06-29T14:39:08,2025-06-30T12:39:08,2025-07-01T14:39:08,2025-07-05T10:39:08,2025-07-06T14:39:08,,INR
ORDSRC0000390,ORD0000390,East,BR,BR-C09,Loyal,delivered,2025-04-04T10:10:24,2025-04-05T03:10:24,2025-04-07T18:10:24,2025-04-15T16:10:24,2025-04-13T10:10:24,,INR
ORDSRC0000391,ORD0000391,Central,CG,CG-C17,Returning,delivered,2025-05-26T00:16:00,2025-05-26T12:16:00,2025-05-29T04:16:00,2025-05-29T22:16:00,2025-05-30T00:16:00,,INR
ORDSRC0000392,ORD0000392,West,GJ,GJ-C06,Returning,delivered,2025-09-20T07:17:06,2025-09-20T22:17:06,2025-09-22T00:17:06,2025-09-27T09:17:06,2025-09-26T07:17:06,,INR
ORDSRC0000393,ORD0000393,Central,CG,CG-C21,Loyal,shipped,2025-07-03T13:36:16,2025-07-04T11:36:16,2025-07-06T13:36:16,,2025-07-08T13:36:16,,INR
ORDSRC0000394,ORD0000394,South,KA,KA-C15,Returning,delivered,2025-05-02T03:07:28,2025-05-02T13:07:28,2025-05-05T04:07:28,2025-05-07T03:07:28,2025-05-09T03:07:28,,INR
ORDSRC0000395,ORD0000395,South,TN,TN-C29,Returning,delivered,2025-05-18T14:48:00,2025-05-19T12:48:00,2025-05-21T16:48:00,2025-05-23T19:48:00,2025-05-24T14:48:00,,INR
ORDSRC0000396,ORD0000396,South,TN,TN-C18,Business,shipped,2025-05-19T08:41:24,2025-05-20T03:41:24,2025-05-21T12:41:24,,2025-05-25T08:41:24,,INR
ORDSRC0000397,ORD0000397,South,AP,AP-C07,Returning,delivered,2025-01-10T05:35:53,2025-01-10T21:35:53,2025-01-11T12:35:53,2025-01-18T07:35:53,2025-01-19T05:35:53,,INR
ORDSRC0000398,ORD0000398,West,MH,MH-C08,Returning,shipped,2025-06-13T06:07:34,2025-06-14T04:07:34,2025-06-16T14:07:34,,2025-06-20T06:07:34,,INR
ORDSRC0000399,ORD0000399,North,UP,UP-C04,Business,delivered,2025-06-16T09:10:21,2025-06-17T02:10:21,2025-06-19T19:10:21,2025-06-21T09:10:21,2025-06-20T09:10:21,,INR
ORDSRC0000400,ORD0000400,North,UK,UK-C04,Business,delivered,2025-10-09T01:40:30,2025-10-09T04:40:30,2025-10-12T04:40:30,2025-10-16T22:40:30,2025-10-14T01:40:30,,INR
ORDSRC0000401,ORD0000401,North,PB,PB-C22,Loyal,delivered,2025-01-28T14:46:06,2025-01-29T00:46:06,2025-02-01T00:46:06,2025-02-09T12:46:06,2025-02-05T14:46:06,,INR
ORDSRC0000402,ORD0000402,Central,CG,CG-C11,Returning,delivered,2025-05-29T11:05:41,2025-05-30T00:05:41,2025-05-31T13:05:41,2025-06-10T13:05:41,2025-06-07T11:05:41,,INR
ORDSRC0000403,ORD0000403,North,PB,PB-C21,Returning,delivered,2025-03-15T02:56:39,2025-03-15T12:56:39,2025-03-18T12:56:39,2025-03-21T20:56:39,2025-03-23T02:56:39,,INR
ORDSRC0000404,ORD0000404,North,DL,DL-C08,New,delivered,2025-01-05T17:17:16,2025-01-05T20:17:16,2025-01-06T21:17:16,2025-01-11T19:17:16,2025-01-11T17:17:16,,INR
ORDSRC0000405,ORD0000405,West,GA,GA-C28,Loyal,delivered,2025-09-06T08:59:13,2025-09-06T09:59:13,2025-09-08T20:59:13,2025-09-20T02:59:13,2025-09-16T08:59:13,,INR
ORDSRC0000406,ORD0000406,North,HR,HR-C24,New,delivered,2025-10-04T13:39:04,2025-10-05T07:39:04,2025-10-08T05:39:04,2025-10-10T15:39:04,2025-10-10T13:39:04,,INR
ORDSRC0000407,ORD0000407,East,WB,WB-C26,New,delivered,2025-07-05T17:09:30,2025-07-06T07:09:30,2025-07-06T19:09:30,2025-07-15T18:09:30,2025-07-13T17:09:30,,INR
ORDSRC0000408,ORD0000408,West,MH,MH-C28,New,delivered,2025-04-28T17:56:13,2025-04-29T04:56:13,2025-04-29T13:56:13,2025-05-05T18:56:13,2025-05-07T17:56:13,,INR
ORDSRC0000409,ORD0000409,South,KL,KL-C30,Returning,delivered,2025-01-03T21:44:26,2025-01-04T13:44:26,2025-01-06T07:44:26,2025-01-11T21:44:26,2025-01-07T21:44:26,,INR
ORDSRC0000410,ORD0000410,North,UP,UP-C04,Loyal,delivered,2025-01-26T10:21:52,2025-01-26T12:21:52,2025-01-29T08:21:52,2025-02-01T16:21:52,2025-01-31T10:21:52,,INR
ORDSRC0000411,ORD0000411,North,HR,HR-C08,New,delivered,2025-06-07T15:59:40,2025-06-08T15:59:40,2025-06-09T00:59:40,2025-06-14T16:59:40,2025-06-13T15:59:40,,INR
ORDSRC0000412,ORD0000412,South,KA,KA-C25,Loyal,delivered,2025-05-17T16:44:49,2025-05-18T07:44:49,2025-05-20T07:44:49,2025-05-22T21:44:49,2025-05-23T16:44:49,,INR
ORDSRC0000413,ORD0000413,South,KL,KL-C16,Returning,delivered,2025-11-23T10:57:56,2025-11-23T16:57:56,2025-11-26T16:57:56,2025-11-29T07:57:56,2025-11-30T10:57:56,,INR
ORDSRC0000414,ORD0000414,South,KA,KA-C13,Returning,delivered,2025-07-04T13:56:51,2025-07-04T19:56:51,2025-07-05T09:56:51,2025-07-12T07:56:51,2025-07-08T13:56:51,,INR
ORDSRC0000415,ORD0000415,North,DL,DL-C03,New,delivered,2025-11-23T02:15:52,2025-11-23T21:15:52,2025-11-26T21:15:52,2025-12-03T08:15:52,2025-12-01T02:15:52,,INR
ORDSRC0000416,ORD0000416,West,RJ,RJ-C14,New,delivered,2025-03-16T02:06:00,2025-03-17T01:06:00,2025-03-19T18:06:00,2025-03-23T03:06:00,2025-03-21T02:06:00,,INR
ORDSRC0000417,ORD0000417,South,TN,TN-C13,Loyal,delivered,2025-01-13T06:46:15,2025-01-14T01:46:15,2025-01-15T19:46:15,2025-01-21T01:46:15,2025-01-22T06:46:15,,INR
ORDSRC0000418,ORD0000418,Central,MP,MP-C24,Returning,shipped,2025-09-06T10:47:22,2025-09-06T16:47:22,2025-09-08T10:47:22,,2025-09-12T10:47:22,,INR
ORDSRC0000419,ORD0000419,Central,MP,MP-C22,Loyal,delivered,2025-03-03T20:27:05,2025-03-04T20:27:05,2025-03-05T12:27:05,2025-03-08T17:27:05,2025-03-08T20:27:05,,INR
ORDSRC0000420,ORD0000420,South,TS,TS-C04,Returning,delivered,2025-06-30T22:06:58,2025-07-01T09:06:58,2025-07-02T18:06:58,2025-07-04T04:06:58,2025-07-05T22:06:58,,INR
ORDSRC0000421,ORD0000421,East,OD,OD-C07,New,delivered,2025-06-22T09:43:01,2025-06-22T18:43:01,2025-06-23T18:43:01,2025-06-29T13:43:01,2025-06-30T09:43:01,,INR
ORDSRC0000422,ORD0000422,East,BR,BR-C27,Returning,delivered,2025-07-20T21:48:35,2025-07-21T06:48:35,2025-07-23T00:48:35,2025-08-02T01:48:35,2025-07-29T21:48:35,,INR
ORDSRC0000423,ORD0000423,East,OD,OD-C16,Loyal,delivered,2025-11-09T14:39:41,2025-11-09T17:39:41,2025-11-12T12:39:41,2025-11-15T08:39:41,2025-11-14T14:39:41,,INR
ORDSRC0000424,ORD0000424,East,BR,BR-C23,Returning,delivered,2025-10-20T12:36:09,2025-10-20T15:36:09,2025-10-22T11:36:09,2025-10-27T17:36:09,2025-10-26T12:36:09,,INR
ORDSRC0000425,ORD0000425,North,DL,DL-C14,Loyal,delivered,2025-07-30T09:35:02,2025-07-30T20:35:02,2025-08-01T16:35:02,2025-08-02T06:35:02,2025-08-04T09:35:02,,INR
ORDSRC0000426,ORD0000426,West,GJ,GJ-C17,New,delivered,2025-05-09T20:00:39,2025-05-10T17:00:39,2025-05-11T14:00:39,2025-05-18T19:00:39,2025-05-16T20:00:39,,INR
ORDSRC0000427,ORD0000427,South,TS,TS-C26,New,delivered,2025-02-09T19:01:48,2025-02-09T23:01:48,2025-02-12T16:01:48,2025-02-21T18:01:48,2025-02-19T19:01:48,,INR
ORDSRC0000428,ORD0000428,South,KL,KL-C04,Business,shipped,2025-03-27T23:40:17,2025-03-28T23:40:17,2025-03-29T07:40:17,,2025-04-02T23:40:17,,INR
ORDSRC0000429,ORD0000429,West,GA,GA-C12,New,delivered,2025-10-17T18:19:41,2025-10-17T23:19:41,2025-10-19T01:19:41,2025-10-24T16:19:41,2025-10-21T18:19:41,,INR
ORDSRC0000430,ORD0000430,South,KL,KL-C11,New,delivered,2025-05-27T17:34:41,2025-05-28T04:34:41,2025-05-28T19:34:41,2025-06-04T21:34:41,2025-05-31T17:34:41,,INR
ORDSRC0000431,ORD0000431,East,BR,BR-C22,Loyal,delivered,2025-05-26T07:11:41,2025-05-26T20:11:41,2025-05-27T09:11:41,2025-06-02T13:11:41,2025-06-01T07:11:41,,INR
ORDSRC0000432,ORD0000432,West,GA,GA-C11,New,delivered,2025-08-08T13:43:48,2025-08-09T11:43:48,2025-08-09T20:43:48,2025-08-14T07:43:48,2025-08-12T13:43:48,,INR
ORDSRC0000433,ORD0000433,South,TS,TS-C29,Loyal,delivered,2025-01-25T08:53:10,2025-01-26T04:53:10,2025-01-26T17:53:10,2025-01-27T07:53:10,2025-01-29T08:53:10,,INR
ORDSRC0000434,ORD0000434,West,MH,MH-C24,Loyal,delivered,2025-10-13T16:04:45,2025-10-14T02:04:45,2025-10-14T11:04:45,2025-10-21T18:04:45,2025-10-21T16:04:45,,INR
ORDSRC0000435,ORD0000435,West,RJ,RJ-C06,New,delivered,2025-03-25T03:02:16,2025-03-25T16:02:16,2025-03-28T04:02:16,2025-04-01T06:02:16,2025-03-29T03:02:16,,INR
ORDSRC0000436,ORD0000436,South,TN,TN-C05,Returning,delivered,2025-04-23T20:48:49,2025-04-24T03:48:49,2025-04-25T20:48:49,,2025-05-03T20:48:49,,INR
ORDSRC0000437,ORD0000437,Central,CG,CG-C02,New,returned,2025-03-21T10:17:30,2025-03-21T13:17:30,2025-03-22T22:17:30,2025-03-29T10:17:30,2025-03-30T10:17:30,2025-04-11T10:17:30,INR
ORDSRC0000438,ORD0000438,South,TS,TS-C24,Loyal,delivered,2025-06-16T16:49:41,2025-06-17T04:49:41,2025-06-18T15:49:41,2025-06-26T21:49:41,2025-06-24T16:49:41,,INR
ORDSRC0000439,ORD0000439,West,MH,MH-C28,Returning,returned,2025-06-17T05:16:30,2025-06-18T04:16:30,2025-06-19T18:16:30,2025-06-22T11:16:30,2025-06-21T05:16:30,2025-07-01T11:16:30,INR
ORDSRC0000440,ORD0000440,South,AP,AP-C22,Loyal,delivered,2025-11-02T12:45:57,2025-11-02T18:45:57,2025-11-05T09:45:57,2025-11-15T11:45:57,2025-11-11T12:45:57,,INR
ORDSRC0000441,ORD0000441,West,GA,GA-C14,Loyal,delivered,2025-08-19T11:44:21,2025-08-20T00:44:21,2025-08-21T18:44:21,2025-08-25T08:44:21,2025-08-27T11:44:21,,INR
ORDSRC0000442,ORD0000442,North,UK,UK-C04,New,delivered,2025-07-02T23:29:41,2025-07-03T20:29:41,2025-07-05T14:29:41,2025-07-15T02:29:41,2025-07-12T23:29:41,,INR
ORDSRC0000443,ORD0000443,West,RJ,RJ-C07,New,delivered,2025-10-19T08:03:17,2025-10-19T21:03:17,2025-10-20T13:03:17,2025-10-30T06:03:17,2025-10-28T08:03:17,,INR
ORDSRC0000444,ORD0000444,North,HR,HR-C04,Returning,delivered,2025-03-08T05:10:55,2025-03-08T13:10:55,2025-03-09T05:10:55,2025-03-17T09:10:55,2025-03-15T05:10:55,,INR
ORDSRC0000445,ORD0000445,West,RJ,RJ-C26,Returning,delivered,2025-02-14T07:51:39,2025-02-14T13:51:39,2025-02-16T18:51:39,2025-02-24T03:51:39,2025-02-23T07:51:39,,INR
ORDSRC0000446,ORD0000446,West,GJ,GJ-C07,New,delivered,2025-06-24T02:42:53,2025-06-24T13:42:53,2025-06-26T22:42:53,2025-07-07T06:42:53,2025-07-04T02:42:53,,INR
ORDSRC0000447,ORD0000447,South,AP,AP-C01,Loyal,delivered,2025-04-29T12:28:50,2025-04-30T12:28:50,2025-05-03T09:28:50,2025-05-05T08:28:50,2025-05-04T12:28:50,,INR
ORDSRC0000448,ORD0000448,West,GA,GA-C08,Returning,delivered,2025-10-23T19:57:38,2025-10-24T02:57:38,2025-10-26T15:57:38,2025-10-26T19:57:38,2025-10-27T19:57:38,,INR
ORDSRC0000449,ORD0000449,East,WB,WB-C26,Returning,delivered,2025-08-22T00:31:44,2025-08-23T00:31:44,2025-08-24T12:31:44,2025-08-30T00:31:44,2025-08-30T00:31:44,,INR
ORDSRC0000450,ORD0000450,East,BR,BR-C07,New,delivered,2025-02-04T08:54:36,2025-02-04T22:54:36,2025-02-07T10:54:36,2025-02-18T09:54:36,2025-02-14T08:54:36,,INR
ORDSRC0000451,ORD0000451,East,WB,WB-C03,New,delivered,2025-10-21T10:55:31,2025-10-21T17:55:31,2025-10-23T05:55:31,2025-10-29T16:55:31,2025-10-25T10:55:31,,INR
ORDSRC0000452,ORD0000452,West,RJ,RJ-C23,New,delivered,2025-08-11T07:13:43,2025-08-11T11:13:43,2025-08-12T09:13:43,2025-08-21T02:13:43,2025-08-20T07:13:43,,INR
ORDSRC0000453,ORD0000453,South,AP,AP-C08,Loyal,delivered,2025-08-28T10:58:44,2025-08-28T14:58:44,2025-08-30T04:58:44,2025-09-08T04:58:44,2025-09-04T10:58:44,,INR
ORDSRC0000454,ORD0000454,West,GJ,GJ-C16,Business,shipped,2025-03-13T05:15:00,2025-03-13T23:15:00,2025-03-14T07:15:00,,2025-03-19T05:15:00,,INR
ORDSRC0000455,ORD0000455,West,GJ,GJ-C27,Business,delivered,2025-11-09T00:24:21,2025-11-09T01:24:21,2025-11-11T21:24:21,2025-11-20T22:24:21,2025-11-17T00:24:21,,INR
ORDSRC0000456,ORD0000456,North,HR,HR-C25,Loyal,delivered,2025-03-29T16:30:46,2025-03-30T07:30:46,2025-03-30T20:30:46,2025-04-04T18:30:46,2025-04-06T16:30:46,,INR
ORDSRC0000457,ORD0000457,West,GJ,GJ-C30,Business,delivered,2025-11-07T18:23:05,2025-11-08T07:23:05,2025-11-08T20:23:05,2025-11-15T19:23:05,2025-11-11T18:23:05,,INR
ORDSRC0000458,ORD0000458,South,AP,AP-C03,New,returned,2025-04-24T05:23:19,2025-04-25T04:23:19,2025-04-25T13:23:19,2025-05-05T06:23:19,2025-05-03T05:23:19,2025-05-11T06:23:19,INR
ORDSRC0000459,ORD0000459,West,RJ,RJ-C08,Returning,delivered,2025-06-04T16:52:53,2025-06-04T19:52:53,2025-06-07T16:52:53,2025-06-09T13:52:53,2025-06-11T16:52:53,,INR
ORDSRC0000460,ORD0000460,East,JH,JH-C26,Business,delivered,2025-02-25T13:10:02,2025-02-25T22:10:02,2025-02-28T22:10:02,2025-03-03T13:10:02,2025-03-01T13:10:02,,INR
ORDSRC0000461,ORD0000461,West,GA,GA-C02,Returning,delivered,2025-11-21T17:46:59,2025-11-22T10:46:59,2025-11-23T12:46:59,2025-11-29T18:46:59,2025-12-01T17:46:59,,INR
ORDSRC0000462,ORD0000462,North,DL,DL-C10,Returning,delivered,2025-08-13T10:39:56,2025-08-13T17:39:56,2025-08-16T10:39:56,2025-08-19T13:39:56,2025-08-17T10:39:56,,INR
ORDSRC0000463,ORD0000463,North,UK,UK-C02,New,delivered,2025-07-29T15:32:10,2025-07-29T17:32:10,2025-07-30T17:32:10,2025-08-01T15:32:10,2025-08-03T15:32:10,,INR
ORDSRC0000464,ORD0000464,East,JH,JH-C07,Returning,delivered,2025-11-15T19:44:47,2025-11-16T16:44:47,2025-11-19T11:44:47,2025-11-22T21:44:47,2025-11-24T19:44:47,,INR
ORDSRC0000465,ORD0000465,West,MH,MH-C15,Returning,delivered,2025-09-21T04:48:20,2025-09-21T11:48:20,2025-09-23T02:48:20,2025-09-27T22:48:20,2025-09-26T04:48:20,,INR
ORDSRC0000466,ORD0000466,South,TN,TN-C10,Loyal,delivered,2025-06-16T12:15:43,2025-06-16T18:15:43,2025-06-18T19:15:43,2025-06-20T17:15:43,2025-06-20T12:15:43,,INR
ORDSRC0000467,ORD0000467,Central,CG,CG-C05,New,delivered,2025-06-26T11:22:45,2025-06-27T04:22:45,2025-06-28T09:22:45,2025-07-04T08:22:45,2025-07-03T11:22:45,,INR
ORDSRC0000468,ORD0000468,West,GA,GA-C09,Loyal,delivered,2025-02-21T15:34:14,2025-02-22T11:34:14,2025-02-23T16:34:14,2025-02-25T10:34:14,2025-02-27T15:34:14,,INR
ORDSRC0000469,ORD0000469,Central,CG,CG-C12,Business,delivered,2025-07-06T12:01:07,2025-07-06T19:01:07,2025-07-09T15:01:07,2025-07-16T14:01:07,2025-07-12T12:01:07,,INR
ORDSRC0000470,ORD0000470,South,KL,KL-C29,Returning,delivered,2025-08-09T14:21:25,2025-08-09T18:21:25,2025-08-10T04:21:25,2025-08-16T18:21:25,2025-08-14T14:21:25,,INR
ORDSRC0000471,ORD0000471,South,KA,KA-C26,Returning,delivered,2025-09-08T08:16:42,2025-09-08T14:16:42,2025-09-10T23:16:42,2025-09-19T10:16:42,2025-09-18T08:16:42,,INR
ORDSRC0000472,ORD0000472,Central,CG,CG-C29,Loyal,delivered,2025-05-04T01:52:56,2025-05-04T21:52:56,2025-05-06T11:52:56,2025-05-06T15:52:56,2025-05-08T01:52:56,,INR
ORDSRC0000473,ORD0000473,North,PB,PB-C01,New,delivered,2025-04-12T09:49:54,2025-04-12T12:49:54,2025-04-14T19:49:54,2025-04-16T06:49:54,2025-04-18T09:49:54,,INR
ORDSRC0000474,ORD0000474,East,OD,OD-C20,New,delivered,2025-09-22T00:23:29,2025-09-22T21:23:29,2025-09-24T01:23:29,2025-10-02T04:23:29,2025-09-30T00:23:29,,INR
ORDSRC0000475,ORD0000475,South,KL,KL-C18,Returning,delivered,2025-06-08T14:04:42,2025-06-08T15:04:42,2025-06-10T13:04:42,2025-06-15T14:04:42,2025-06-12T14:04:42,,INR
ORDSRC0000476,ORD0000476,South,TS,TS-C17,New,cancelled,2025-01-04T15:31:35,2025-01-05T15:31:35,,,2025-01-10T15:31:35,,INR
ORDSRC0000477,ORD0000477,West,GA,GA-C14,Business,delivered,2025-05-19T05:54:49,2025-05-19T12:54:49,2025-05-21T19:54:49,2025-05-25T08:54:49,2025-05-24T05:54:49,,INR
ORDSRC0000478,ORD0000478,North,HR,HR-C07,New,delivered,2025-04-22T18:32:02,2025-04-23T00:32:02,2025-04-24T20:32:02,2025-04-30T12:32:02,2025-05-01T18:32:02,,INR
ORDSRC0000479,ORD0000479,West,GJ,GJ-C29,Returning,delivered,2025-03-13T02:45:43,2025-03-13T09:45:43,2025-03-14T13:45:43,2025-03-19T21:45:43,2025-03-18T02:45:43,,INR
ORDSRC0000480,ORD0000480,South,TN,TN-C27,Returning,delivered,2025-01-25T23:39:07,2025-01-26T08:39:07,2025-01-27T19:39:07,2025-01-30T18:39:07,2025-01-30T23:39:07,,INR
ORDSRC0000481,ORD0000481,East,BR,BR-C18,Returning,delivered,2025-11-21T18:44:13,2025-11-21T22:44:13,2025-11-24T16:44:13,2025-12-01T15:44:13,2025-11-28T18:44:13,,INR
ORDSRC0000482,ORD0000482,West,GA,GA-C28,Loyal,delivered,2025-07-01T00:00:19,2025-07-01T05:00:19,2025-07-02T12:00:19,2025-07-12T19:00:19,2025-07-11T00:00:19,,INR
ORDSRC0000483,ORD0000483,North,UP,UP-C22,Loyal,returned,2025-02-10T01:47:06,2025-02-10T13:47:06,2025-02-12T14:47:06,2025-02-22T23:47:06,2025-02-20T01:47:06,2025-02-25T23:47:06,INR
ORDSRC0000484,ORD0000484,North,PB,PB-C19,Loyal,delivered,2025-07-06T22:24:15,2025-07-07T17:24:15,2025-07-10T17:24:15,2025-07-16T01:24:15,2025-07-15T22:24:15,,INR
ORDSRC0000485,ORD0000485,West,MH,MH-C11,Returning,shipped,2025-09-10T05:33:18,2025-09-10T06:33:18,2025-09-11T17:33:18,,2025-09-18T05:33:18,,INR
ORDSRC0000486,ORD0000486,South,KL,KL-C29,Returning,delivered,2025-02-08T04:51:07,2025-02-09T02:51:07,2025-02-11T02:51:07,2025-02-17T06:51:07,2025-02-15T04:51:07,,INR
ORDSRC0000487,ORD0000487,West,GJ,GJ-C15,Business,delivered,2025-02-01T00:17:31,2025-02-01T16:17:31,2025-02-02T16:17:31,2025-02-09T22:17:31,2025-02-08T00:17:31,,INR
ORDSRC0000488,ORD0000488,South,TN,TN-C27,Loyal,delivered,2025-01-05T08:26:09,2025-01-05T17:26:09,2025-01-06T02:26:09,2025-01-15T09:26:09,2025-01-12T08:26:09,,INR
ORDSRC0000489,ORD0000489,North,UP,UP-C20,Business,delivered,2025-04-02T07:56:22,2025-04-02T21:56:22,2025-04-03T11:56:22,2025-04-12T08:56:22,2025-04-09T07:56:22,,INR
ORDSRC0000490,ORD0000490,East,JH,JH-C06,New,delivered,2025-05-22T15:48:28,2025-05-22T19:48:28,2025-05-25T11:48:28,2025-05-29T13:48:28,2025-05-29T15:48:28,,INR
ORDSRC0000491,ORD0000491,Central,CG,CG-C08,New,delivered,2025-11-13T04:26:16,2025-11-13T23:26:16,2025-11-15T02:26:16,2025-11-24T00:26:16,2025-11-23T04:26:16,,INR
ORDSRC0000492,ORD0000492,West,GJ,GJ-C08,Business,shipped,2025-11-06T20:23:42,2025-11-07T09:23:42,2025-11-09T07:23:42,,2025-11-12T20:23:42,,INR
ORDSRC0000493,ORD0000493,North,HR,HR-C09,New,delivered,2025-03-26T23:33:20,2025-03-27T23:33:20,2025-03-29T10:33:20,2025-03-30T02:33:20,2025-03-31T23:33:20,,INR
ORDSRC0000494,ORD0000494,West,MH,MH-C23,New,delivered,2025-03-22T19:08:19,2025-03-22T23:08:19,2025-03-23T14:08:19,2025-03-28T20:08:19,2025-03-26T19:08:19,,INR
ORDSRC0000495,ORD0000495,East,JH,JH-C19,New,delivered,2025-04-27T21:01:12,2025-04-28T10:01:12,2025-04-30T23:01:12,2025-05-09T23:01:12,2025-05-07T21:01:12,,INR
ORDSRC0000496,ORD0000496,West,GJ,GJ-C20,Returning,delivered,2025-08-22T04:58:24,2025-08-23T04:58:24,2025-08-25T13:58:24,2025-08-31T02:58:24,2025-08-27T04:58:24,,INR
ORDSRC0000497,ORD0000497,East,OD,OD-C26,Returning,delivered,2025-09-08T11:13:27,2025-09-09T08:13:27,2025-09-09T07:13:27,2025-09-19T17:13:27,2025-09-15T11:13:27,,INR
ORDSRC0000498,ORD0000498,South,KA,KA-C10,New,delivered,2025-03-26T04:49:42,2025-03-27T03:49:42,2025-03-29T14:49:42,2025-04-02T07:49:42,2025-03-31T04:49:42,,INR
ORDSRC0000499,ORD0000499,South,TN,TN-C15,Loyal,delivered,2025-02-12T14:28:37,2025-02-13T02:28:37,2025-02-15T21:28:37,2025-02-23T10:28:37,2025-02-20T14:28:37,,INR
ORDSRC0000500,ORD0000500,North,DL,DL-C09,New,delivered,2025-05-22T07:39:39,2025-05-23T05:39:39,2025-05-26T03:39:39,2025-05-28T01:39:39,2025-05-27T07:39:39,,INR
