source_record_id,payment_id,order_id,installment_no,payment_method,payment_value,payment_ts,currency_code
PAYSRC0000001,PAY00000001,ORD0000001,1,card,1071.9,2025-10-20T11:33:21,INR
PAYSRC0000002,PAY00000002,ORD0000002,1,card,437.89,2025-11-20T16:18:51,INR
PAYSRC0000003,PAY00000003,ORD0000002,2,card,291.92,2025-11-20T12:18:51,INR
PAYSRC0000004,PAY00000004,ORD0000003,1,net_banking,330.23,2025-09-27T12:04:50,INR
PAYSRC0000005,PAY00000005,ORD0000004,1,wallet,955.82,2025-08-25T19:14:10,INR
PAYSRC0000006,PAY00000006,ORD0000005,1,card,1163.35,2025-09-07T02:15:23,INR
PAYSRC0000007,PAY00000007,ORD0000006,1,cod,1574.24,2025-07-17T00:41:21,INR
PAYSRC0000008,PAY00000008,ORD0000007,1,upi,674.47,2025-08-29T21:13:27,INR
PAYSRC0000009,PAY00000009,ORD0000008,1,card,396.62,2025-04-06T15:45:12,INR
PAYSRC0000010,PAY00000010,ORD0000009,1,card,2071.01,2025-01-27T11:23:04,INR
PAYSRC0000011,PAY00000011,ORD0000010,1,upi,892.42,2025-08-27T10:58:16,INR
PAYSRC0000012,PAY00000012,ORD0000011,1,upi,583.14,2025-08-10T08:45:08,INR
PAYSRC0000013,PAY00000013,ORD0000012,1,card,300.49,2025-05-14T07:19:54,INR
PAYSRC0000014,PAY00000014,ORD0000012,2,card,200.33,2025-05-14T08:19:54,INR
PAYSRC0000015,PAY00000015,ORD0000013,1,card,218.13,2025-07-06T16:26:49,INR
PAYSRC0000016,PAY00000016,ORD0000013,2,card,145.42,2025-07-06T09:26:49,INR
PAYSRC0000017,PAY00000017,ORD0000014,1,cod,517.34,2025-02-27T18:59:09,INR
PAYSRC0000018,PAY00000018,ORD0000015,1,upi,396.06,2025-06-23T03:48:40,INR
PAYSRC0000019,PAY00000019,ORD0000016,1,upi,906.3,2025-08-26T02:32:34,INR
PAYSRC0000020,PAY00000020,ORD0000017,1,card,1097.98,2025-08-28T23:16:14,INR
PAYSRC0000021,PAY00000021,ORD0000018,1,card,6136.88,2025-03-02T23:01:46,INR
PAYSRC0000022,PAY00000022,ORD0000019,1,upi,596.59,2025-10-29T05:05:11,INR
PAYSRC0000023,PAY00000023,ORD0000020,1,card,998.37,2025-01-17T09:46:29,INR
PAYSRC0000024,PAY00000024,ORD0000020,2,card,665.58,2025-01-17T11:46:29,INR
PAYSRC0000025,PAY00000025,ORD0000021,1,card,989.53,2025-11-10T19:44:47,INR
PAYSRC0000026,PAY00000026,ORD0000022,1,cod,1783.39,2025-05-27T00:30:41,INR
PAYSRC0000027,PAY00000027,ORD0000023,1,upi,507.36,2025-10-12T03:37:46,INR
PAYSRC0000028,PAY00000028,ORD0000024,1,card,743.23,2025-02-04T21:55:21,INR
PAYSRC0000029,PAY00000029,ORD0000025,1,upi,2452.64,2025-08-17T20:49:05,INR
PAYSRC0000030,PAY00000030,ORD0000026,1,card,494.53,2025-08-17T06:32:06,INR
PAYSRC0000031,PAY00000031,ORD0000027,1,wallet,958.38,2025-11-25T21:33:05,INR
PAYSRC0000032,PAY00000032,ORD0000028,1,upi,407.95,2025-08-25T12:20:39,INR
PAYSRC0000033,PAY00000033,ORD0000029,1,net_banking,432.28,2025-11-25T12:59:49,INR
PAYSRC0000034,PAY00000034,ORD0000030,1,card,852.42,2025-03-24T19:13:54,INR
PAYSRC0000035,PAY00000035,ORD0000031,1,upi,559.06,2025-06-24T03:28:03,INR
PAYSRC0000036,PAY00000036,ORD0000032,1,upi,657.34,2025-01-04T17:17:08,INR
PAYSRC0000037,PAY00000037,ORD0000033,1,cod,381.55,2025-02-05T04:41:33,INR
PAYSRC0000038,PAY00000038,ORD0000034,1,card,500000.0,2025-06-21T22:13:03,INR
PAYSRC0000039,PAY00000039,ORD0000035,1,upi,864.44,2025-11-02T15:17:30,INR
PAYSRC0000040,PAY00000040,ORD0000036,1,card,702.92,2025-11-16T14:14:35,INR
PAYSRC0000041,PAY00000041,ORD0000037,1,card,192.29,2025-07-21T13:42:07,INR
PAYSRC0000042,PAY00000042,ORD0000038,1,wallet,664.61,2025-08-18T15:24:43,INR
PAYSRC0000043,PAY00000043,ORD0000039,1,wallet,438.93,2025-08-12T02:00:12,INR
PAYSRC0000044,PAY00000044,ORD0000040,1,card,401.42,2025-02-01T06:57:22,INR
PAYSRC0000045,PAY00000045,ORD0000040,2,card,267.61,2025-02-01T09:57:22,INR
PAYSRC0000046,PAY00000046,ORD0000041,1,card,457.99,2025-03-24T03:55:33,INR
PAYSRC0000047,PAY00000047,ORD0000042,1,card,959.47,2025-07-30T18:53:59,INR
PAYSRC0000048,PAY00000048,ORD0000043,1,card,625.93,2025-01-15T13:52:03,INR
PAYSRC0000049,PAY00000049,ORD0000044,1,wallet,658.38,2025-02-28T17:05:07,INR
PAYSRC0000050,PAY00000050,ORD0000045,1,net_banking,449.09,2025-01-16T23:12:45,INR
PAYSRC0000051,PAY00000051,ORD0000046,1,upi,582.15,2025-09-10T21:54:19,INR
PAYSRC0000052,PAY00000052,ORD0000047,1,upi,2188.31,2025-03-18T23:13:58,INR
PAYSRC0000053,PAY00000053,ORD0000048,1,card,1321.0,2025-03-22T12:31:53,INR
PAYSRC0000054,PAY00000054,ORD0000048,2,card,880.66,2025-03-22T09:31:53,INR
PAYSRC0000055,PAY00000055,ORD0000049,1,card,613.47,2025-08-17T07:25:33,INR
PAYSRC0000056,PAY00000056,ORD0000050,1,upi,314.46,2025-01-24T02:54:22,INR
PAYSRC0000057,PAY00000057,ORD0000051,1,card,641.06,2025-03-14T22:36:24,INR
PAYSRC0000058,PAY00000058,ORD0000051,2,card,427.38,2025-03-14T11:36:24,INR
PAYSRC0000059,PAY00000059,ORD0000052,1,card,389.49,2025-08-28T18:40:19,INR
PAYSRC0000060,PAY00000060,ORD0000052,2,card,259.66,2025-08-28T14:40:19,INR
PAYSRC0000061,PAY00000061,ORD0000053,1,card,176.23,2025-01-14T21:21:52,INR
PAYSRC0000062,PAY00000062,ORD0000053,2,card,117.49,2025-01-15T02:21:52,INR
PAYSRC0000063,PAY00000063,ORD0000054,1,upi,2400.3,2025-09-01T23:49:17,INR
PAYSRC0000064,PAY00000064,ORD0000055,1,card,484.16,2025-01-25T18:11:55,INR
PAYSRC0000065,PAY00000065,ORD0000056,1,upi,413.56,2025-07-12T11:54:09,INR
PAYSRC0000066,PAY00000066,ORD0000057,1,card,370.7,2025-09-30T21:51:33,INR
PAYSRC0000067,PAY00000067,ORD0000058,1,card,303.22,2025-11-24T05:36:44,INR
PAYSRC0000068,PAY00000068,ORD0000058,2,card,202.14,2025-11-24T06:36:44,INR
PAYSRC0000069,PAY00000069,ORD0000059,1,cod,2043.71,2025-04-22T01:13:07,INR
PAYSRC0000070,PAY00000070,ORD0000060,1,card,638.05,2025-02-27T07:02:34,INR
PAYSRC0000071,PAY00000071,ORD0000061,1,upi,958.03,2025-01-22T13:47:07,INR
PAYSRC0000072,PAY00000072,ORD0000062,1,card,802.91,2025-09-25T23:49:38,INR
PAYSRC0000073,PAY00000073,ORD0000063,1,upi,776.99,2025-06-13T01:13:21,INR
PAYSRC0000074,PAY00000074,ORD0000064,1,net_banking,145.71,2025-09-28T16:10:46,INR
PAYSRC0000075,PAY00000075,ORD0000065,1,card,963.45,2025-06-29T07:19:28,INR
PAYSRC0000076,PAY00000076,ORD0000066,1,upi,1261.37,2025-07-16T20:55:14,INR
PAYSRC0000077,PAY00000077,ORD0000067,1,cod,308.56,2025-03-15T04:20:44,INR
PAYSRC0000078,PAY00000078,ORD0000068,1,card,408.97,2025-07-25T01:27:23,INR
PAYSRC0000079,PAY00000079,ORD0000069,1,net_banking,251.02,2025-01-18T18:42:42,INR
PAYSRC0000080,PAY00000080,ORD0000070,1,card,570.88,2025-04-04T11:00:57,INR
PAYSRC0000081,PAY00000081,ORD0000071,1,upi,1185.84,2025-03-07T10:35:34,INR
PAYSRC0000082,PAY00000082,ORD0000072,1,card,188.67,2025-03-16T16:33:25,INR
PAYSRC0000083,PAY00000083,ORD0000072,2,card,125.78,2025-03-16T13:33:25,INR
PAYSRC0000084,PAY00000084,ORD0000073,1,wallet,687.9,2025-08-25T07:24:57,INR
PAYSRC0000085,PAY00000085,ORD0000074,1,card,186.39,2025-09-06T01:14:24,INR
PAYSRC0000086,PAY00000086,ORD0000075,1,upi,850.31,2025-04-07T21:45:01,INR
PAYSRC0000087,PAY00000087,ORD0000076,1,card,1293.32,2025-04-30T15:11:15,INR
PAYSRC0000088,PAY00000088,ORD0000077,1,cod,515.06,2025-07-23T14:41:10,INR
PAYSRC0000089,PAY00000089,ORD0000078,1,upi,1547.69,2025-01-19T22:39:10,INR
PAYSRC0000090,PAY00000090,ORD0000079,1,cod,343.56,2025-06-19T23:44:39,INR
PAYSRC0000091,PAY00000091,ORD0000080,1,card,1265.49,2025-05-12T05:07:02,INR
PAYSRC0000092,PAY00000092,ORD0000081,1,card,255.49,2025-10-18T12:17:50,INR
PAYSRC0000093,PAY00000093,ORD0000082,1,card,561.61,2025-01-15T04:48:24,INR
PAYSRC0000094,PAY00000094,ORD0000083,1,card,961.74,2025-03-27T22:34:13,INR
PAYSRC0000095,PAY00000095,ORD0000084,1,card,995.36,2025-10-17T14:31:17,INR
PAYSRC0000096,PAY00000096,ORD0000085,1,card,628.67,2025-03-06T13:20:56,INR
PAYSRC0000097,PAY00000097,ORD0000086,1,card,2219.98,2025-10-25T21:44:24,INR
PAYSRC0000098,PAY00000098,ORD0000087,1,net_banking,616.54,2025-07-15T08:40:50,INR
PAYSRC0000099,PAY00000099,ORD0000088,1,wallet,4262.39,2025-03-16T17:59:11,INR
PAYSRC0000100,PAY00000100,ORD0000089,1,wallet,650.17,2025-05-29T18:58:17,INR
PAYSRC0000101,PAY00000101,ORD0000090,1,card,2136.49,2025-03-25T14:50:40,INR
PAYSRC0000102,PAY00000102,ORD0000091,1,card,429.36,2025-04-26T19:45:44,INR
PAYSRC0000103,PAY00000103,ORD0000092,1,card,784.92,2025-05-22T15:02:43,INR
PAYSRC0000104,PAY00000104,ORD0000093,1,card,308.57,2025-11-21T20:31:11,INR
PAYSRC0000105,PAY00000105,ORD0000094,1,net_banking,595.04,2025-10-15T16:18:48,INR
PAYSRC0000106,PAY00000106,ORD0000095,1,card,161.62,2025-11-20T07:00:47,INR
PAYSRC0000107,PAY00000107,ORD0000096,1,cod,936.41,2025-06-24T09:55:24,INR
PAYSRC0000108,PAY00000108,ORD0000097,1,cod,386.29,2025-09-18T11:57:30,INR
PAYSRC0000109,PAY00000109,ORD0000098,1,upi,1368.76,2025-04-01T20:49:12,INR
PAYSRC0000110,PAY00000110,ORD0000099,1,card,699.33,2025-08-25T12:50:24,INR
PAYSRC0000111,PAY00000111,ORD0000100,1,upi,480.03,2025-11-10T04:49:51,INR
PAYSRC0000112,PAY00000112,ORD0000101,1,card,721.04,2025-08-18T01:16:00,INR
PAYSRC0000113,PAY00000113,ORD0000101,2,card,480.7,2025-08-17T22:16:00,INR
PAYSRC0000114,PAY00000114,ORD0000102,1,card,516.13,2025-10-28T02:40:32,INR
PAYSRC0000115,PAY00000115,ORD0000103,1,card,739.51,2025-05-09T04:37:47,INR
PAYSRC0000116,PAY00000116,ORD0000104,1,card,1909.02,2025-08-18T10:47:45,INR
PAYSRC0000117,PAY00000117,ORD0000105,1,card,512.78,2025-08-16T19:45:18,INR
PAYSRC0000118,PAY00000118,ORD0000106,1,card,1050.27,2025-07-03T15:16:32,INR
PAYSRC0000119,PAY00000119,ORD0000107,1,cod,969.33,2025-08-23T08:32:34,INR
PAYSRC0000120,PAY00000120,ORD0000108,1,card,1573.58,2025-01-05T22:51:18,INR
PAYSRC0000121,PAY00000121,ORD0000109,1,net_banking,1578.03,2025-09-21T23:57:34,INR
PAYSRC0000122,PAY00000122,ORD0000110,1,cod,665.03,2025-08-08T17:50:57,INR
PAYSRC0000123,PAY00000123,ORD0000111,1,upi,864.16,2025-01-09T08:37:47,INR
PAYSRC0000124,PAY00000124,ORD0000112,1,card,1310.62,2025-02-15T12:37:12,INR
PAYSRC0000125,PAY00000125,ORD0000113,1,upi,1360.06,2025-01-23T21:23:03,INR
PAYSRC0000126,PAY00000126,ORD0000114,1,cod,1383.14,2025-05-03T17:23:42,INR
PAYSRC0000127,PAY00000127,ORD0000115,1,cod,312.81,2025-06-18T16:51:40,INR
PAYSRC0000128,PAY00000128,ORD0000116,1,card,830.08,2025-09-16T21:20:33,INR
PAYSRC0000129,PAY00000129,ORD0000117,1,upi,160.61,2025-02-02T22:39:16,INR
PAYSRC0000130,PAY00000130,ORD0000118,1,wallet,372.21,2025-05-11T15:03:51,INR
PAYSRC0000131,PAY00000131,ORD0000119,1,card,604.45,2025-08-08T13:01:29,INR
PAYSRC0000132,PAY00000132,ORD0000120,1,net_banking,366.49,2025-02-18T18:19:29,INR
PAYSRC0000133,PAY00000133,ORD0000121,1,card,275.65,2025-07-23T05:38:15,INR
PAYSRC0000134,PAY00000134,ORD0000121,2,card,183.77,2025-07-23T02:38:15,INR
PAYSRC0000135,PAY00000135,ORD0000122,1,card,1351.44,2025-05-28T13:44:32,INR
PAYSRC0000136,PAY00000136,ORD0000123,1,upi,818.76,2025-08-09T15:08:37,INR
PAYSRC0000137,PAY00000137,ORD0000124,1,cod,1828.58,2025-06-13T23:11:51,INR
PAYSRC0000138,PAY00000138,ORD0000125,1,cod,1586.27,2025-04-14T14:55:27,INR
PAYSRC0000139,PAY00000139,ORD0000126,1,upi,254.44,2025-09-16T18:46:42,INR
PAYSRC0000140,PAY00000140,ORD0000127,1,upi,1025.8,2025-07-02T04:29:10,INR
PAYSRC0000141,PAY00000141,ORD0000128,1,wallet,1035.58,2025-09-14T01:20:28,INR
PAYSRC0000142,PAY00000142,ORD0000129,1,upi,625.55,2025-07-05T22:20:26,INR
PAYSRC0000143,PAY00000143,ORD0000130,1,upi,194.38,2025-05-21T01:33:05,INR
PAYSRC0000144,PAY00000144,ORD0000131,1,card,159.49,2025-09-28T05:31:06,INR
PAYSRC0000145,PAY00000145,ORD0000132,1,upi,796.82,2025-03-11T01:51:52,INR
PAYSRC0000146,PAY00000146,ORD0000133,1,card,1608.95,2025-02-12T13:08:18,INR
PAYSRC0000147,PAY00000147,ORD0000133,2,card,1072.64,2025-02-12T14:08:18,INR
PAYSRC0000148,PAY00000148,ORD0000134,1,net_banking,883.6,2025-08-30T10:38:37,INR
PAYSRC0000149,PAY00000149,ORD0000135,1,net_banking,876.06,2025-11-29T12:16:01,INR
PAYSRC0000150,PAY00000150,ORD0000136,1,card,2164.79,2025-08-04T11:21:24,INR
PAYSRC0000151,PAY00000151,ORD0000137,1,card,653.12,2025-11-29T07:11:34,INR
PAYSRC0000152,PAY00000152,ORD0000138,1,card,935.17,2025-09-20T17:55:29,INR
PAYSRC0000153,PAY00000153,ORD0000139,1,upi,895.13,2025-06-11T17:10:12,INR
PAYSRC0000154,PAY00000154,ORD0000140,1,card,371.57,2025-10-06T20:56:55,INR
PAYSRC0000155,PAY00000155,ORD0000140,2,card,247.72,2025-10-06T10:56:55,INR
PAYSRC0000156,PAY00000156,ORD0000141,1,upi,793.8,2025-07-05T16:10:05,INR
PAYSRC0000157,PAY00000157,ORD0000142,1,wallet,233.82,2025-05-10T03:34:10,INR
PAYSRC0000158,PAY00000158,ORD0000143,1,card,1276.56,2025-06-24T01:49:23,INR
PAYSRC0000159,PAY00000159,ORD0000144,1,card,773.93,2025-04-29T03:04:10,INR
PAYSRC0000160,PAY00000160,ORD0000145,1,net_banking,1250.11,2025-04-27T10:40:36,INR
PAYSRC0000161,PAY00000161,ORD0000146,1,card,1989.31,2025-05-03T02:59:15,INR
PAYSRC0000162,PAY00000162,ORD0000146,2,card,1326.2,2025-05-03T06:59:15,INR
PAYSRC0000163,PAY00000163,ORD0000147,1,net_banking,633.28,2025-03-09T13:50:34,INR
PAYSRC0000164,PAY00000164,ORD0000148,1,card,797.98,2025-07-21T18:49:42,INR
PAYSRC0000165,PAY00000165,ORD0000148,2,card,531.98,2025-07-21T19:49:42,INR
PAYSRC0000166,PAY00000166,ORD9999999,1,card,309.91,2025-03-19T09:58:21,INR
PAYSRC0000167,PAY00000167,ORD0000149,2,card,206.61,2025-03-19T09:58:21,INR
PAYSRC0000168,PAY00000168,ORD0000150,1,card,228.85,2025-08-16T01:48:54,INR
PAYSRC0000169,PAY00000169,ORD0000150,2,card,152.57,2025-08-16T06:48:54,INR
PAYSRC0000170,PAY00000170,ORD0000151,1,card,757.85,2025-06-14T05:59:43,INR
PAYSRC0000171,PAY00000171,ORD0000152,1,card,215.89,2025-01-16T21:38:06,INR
PAYSRC0000172,PAY00000172,ORD0000152,2,card,143.92,2025-01-16T23:38:06,INR
PAYSRC0000173,PAY00000173,ORD0000153,1,net_banking,1520.51,2025-03-25T21:16:00,INR
PAYSRC0000174,PAY00000174,ORD0000154,1,upi,520.94,2025-11-13T10:29:19,INR
PAYSRC0000175,PAY00000175,ORD0000155,1,card,510.29,2025-05-08T10:29:54,INR
PAYSRC0000176,PAY00000176,ORD0000155,2,card,340.19,2025-05-08T12:29:54,INR
PAYSRC0000177,PAY00000177,ORD0000156,1,card,1866.44,2025-03-26T19:46:39,INR
PAYSRC0000178,PAY00000178,ORD0000157,1,upi,361.49,2025-05-20T04:13:08,INR
PAYSRC0000179,PAY00000179,ORD0000158,1,upi,706.72,2025-07-15T05:41:55,INR
PAYSRC0000180,PAY00000180,ORD0000159,1,card,740.56,2025-08-04T04:43:41,INR
PAYSRC0000181,PAY00000181,ORD0000160,1,card,897.76,2025-06-14T00:30:30,INR
PAYSRC0000182,PAY00000182,ORD0000160,2,card,524.44,2025-06-14T04:30:30,INR
PAYSRC0000183,PAY00000183,ORD0000161,1,net_banking,2179.49,2025-11-11T07:31:19,INR
PAYSRC0000184,PAY00000184,ORD0000162,1,upi,2682.0,2025-03-04T18:55:37,INR
PAYSRC0000185,PAY00000185,ORD0000163,1,card,1019.4,2025-06-14T17:15:40,INR
PAYSRC0000186,PAY00000186,ORD0000164,1,upi,465.28,2025-10-15T07:29:31,INR
PAYSRC0000187,PAY00000187,ORD0000165,1,upi,230.37,2025-04-24T09:03:46,INR
PAYSRC0000188,PAY00000188,ORD0000166,1,card,-880.02,2025-03-27T09:01:51,INR
PAYSRC0000189,PAY00000189,ORD0000167,1,upi,481.89,2025-05-29T10:40:37,INR
PAYSRC0000190,PAY00000190,ORD0000168,1,upi,240.1,2025-11-01T05:17:09,INR
PAYSRC0000191,PAY00000191,ORD0000169,1,cod,478.88,2025-08-09T12:08:00,INR
PAYSRC0000192,PAY00000192,ORD0000170,1,card,209.51,2025-04-06T17:32:19,INR
PAYSRC0000193,PAY00000193,ORD0000171,1,card,238.31,2025-11-03T20:10:15,INR
PAYSRC0000194,PAY00000194,ORD0000171,2,card,158.87,2025-11-03T14:10:15,INR
PAYSRC0000195,PAY00000195,ORD0000172,1,card,873.73,2025-02-15T07:52:18,INR
PAYSRC0000196,PAY00000196,ORD0000172,2,card,582.49,2025-02-15T09:52:18,INR
PAYSRC0000197,PAY00000197,ORD0000173,1,upi,1375.19,2025-06-14T05:50:56,INR
PAYSRC0000198,PAY00000198,ORD0000174,1,upi,551.21,2025-11-26T09:07:51,INR
PAYSRC0000199,PAY00000199,ORD0000175,1,card,736.63,2025-05-03T05:55:19,INR
PAYSRC0000200,PAY00000200,ORD0000176,1,card,1145.99,2025-08-31T15:17:35,INR
PAYSRC0000201,PAY00000201,ORD0000177,1,upi,535.48,2025-10-03T19:42:57,INR
PAYSRC0000202,PAY00000202,ORD0000178,1,upi,573.7,2025-05-12T09:27:54,INR
PAYSRC0000203,PAY00000203,ORD0000179,1,upi,749.51,2025-09-27T03:32:38,INR
PAYSRC0000204,PAY00000204,ORD0000180,1,card,306.85,2025-10-25T02:50:53,INR
PAYSRC0000205,PAY00000205,ORD0000181,1,card,2347.29,2025-02-14T07:05:46,INR
PAYSRC0000206,PAY00000206,ORD0000182,1,card,800.18,2025-01-12T00:45:54,INR
PAYSRC0000207,PAY00000207,ORD0000183,1,cod,932.92,2025-01-18T23:05:04,INR
PAYSRC0000208,PAY00000208,ORD0000184,1,upi,2242.07,2025-04-25T18:18:42,INR
PAYSRC0000209,PAY00000209,ORD0000185,1,wallet,1320.38,2025-01-08T07:14:53,INR
PAYSRC0000210,PAY00000210,ORD0000186,1,card,633.08,2025-03-30T05:03:50,INR
PAYSRC0000211,PAY00000211,ORD0000187,1,upi,2936.77,2025-09-24T09:16:12,INR
PAYSRC0000212,PAY00000212,ORD0000188,1,card,745.78,2025-04-13T11:23:11,INR
PAYSRC0000213,PAY00000213,ORD0000189,1,upi,1789.52,2025-04-29T18:32:43,INR
PAYSRC0000214,PAY00000214,ORD0000190,1,upi,2483.45,2025-05-12T04:08:06,INR
PAYSRC0000215,PAY00000215,ORD0000191,1,card,281.37,2025-01-03T23:51:43,INR
PAYSRC0000216,PAY00000216,ORD0000192,1,card,151.54,2025-08-29T03:40:28,INR
PAYSRC0000217,PAY00000217,ORD0000192,2,card,101.03,2025-08-29T06:40:28,INR
PAYSRC0000218,PAY00000218,ORD0000193,1,card,483.7,2025-04-25T07:09:14,INR
PAYSRC0000219,PAY00000219,ORD0000194,1,upi,845.95,2025-11-01T22:25:09,INR
PAYSRC0000220,PAY00000220,ORD0000195,1,wallet,794.44,2025-09-27T22:17:01,INR
PAYSRC0000221,PAY00000221,ORD0000196,1,upi,1058.2,2025-09-29T16:39:02,INR
PAYSRC0000222,PAY00000222,ORD0000197,1,card,1558.43,2025-08-27T00:16:38,INR
PAYSRC0000223,PAY00000223,ORD0000198,1,card,1169.15,2025-08-11T14:45:53,INR
PAYSRC0000224,PAY00000224,ORD0000198,2,card,779.44,2025-08-11T15:45:53,INR
PAYSRC0000225,PAY00000225,ORD0000199,1,net_banking,324.93,2025-05-23T06:39:59,INR
PAYSRC0000226,PAY00000226,ORD0000200,1,upi,1696.89,2025-07-19T07:01:20,INR
PAYSRC0000227,PAY00000227,ORD0000201,1,card,357.9,2025-01-19T11:41:06,INR
PAYSRC0000228,PAY00000228,ORD0000202,1,card,1675.34,2025-09-05T03:13:05,INR
PAYSRC0000229,PAY00000229,ORD0000203,1,card,1313.85,2025-08-18T07:44:23,INR
PAYSRC0000230,PAY00000230,ORD0000204,1,card,-123.76,2025-09-19T13:17:48,INR
PAYSRC0000231,PAY00000231,ORD0000205,1,net_banking,1106.72,2025-05-22T04:15:32,INR
PAYSRC0000232,PAY00000232,ORD0000206,1,cod,2685.11,2025-07-16T17:44:26,INR
PAYSRC0000233,PAY00000233,ORD0000207,1,card,1208.08,2025-05-06T00:42:42,INR
PAYSRC0000234,PAY00000234,ORD0000208,1,upi,785.07,2025-10-05T18:40:14,INR
PAYSRC0000235,PAY00000235,ORD0000209,1,cod,142.46,2025-03-09T15:59:45,INR
PAYSRC0000236,PAY00000236,ORD0000210,1,net_banking,1524.89,2025-04-14T09:12:57,INR
PAYSRC0000237,PAY00000237,ORD0000211,1,cod,1027.24,2025-08-04T07:55:50,INR
PAYSRC0000238,PAY00000238,ORD0000212,1,card,819.48,2025-08-02T21:15:02,INR
PAYSRC0000239,PAY00000239,ORD0000213,1,card,546.75,2025-06-28T10:11:26,INR
PAYSRC0000240,PAY00000240,ORD0000214,1,wallet,2110.78,2025-10-01T05:23:13,INR
PAYSRC0000241,PAY00000241,ORD0000215,1,upi,1979.89,2025-01-14T10:35:49,INR
PAYSRC0000242,PAY00000242,ORD0000216,1,wallet,718.13,2025-07-20T14:27:43,INR
PAYSRC0000243,PAY00000243,ORD0000217,1,upi,1513.67,2025-05-10T03:07:57,INR
PAYSRC0000244,PAY00000244,ORD0000218,1,card,1752.27,2025-09-01T08:11:16,INR
PAYSRC0000245,PAY00000245,ORD0000219,1,net_banking,1712.25,2025-08-18T18:04:39,INR
PAYSRC0000246,PAY00000246,ORD0000220,1,cod,1707.91,2025-07-10T19:27:45,INR
PAYSRC0000247,PAY00000247,ORD0000221,1,card,722.99,2025-09-01T12:02:24,INR
PAYSRC0000248,PAY00000248,ORD0000222,1,upi,337.98,2025-03-07T15:46:27,INR
PAYSRC0000249,PAY00000249,ORD0000223,1,cod,2098.24,2025-05-01T18:07:53,INR
PAYSRC0000250,PAY00000250,ORD0000224,1,card,871.28,2025-06-13T05:01:51,INR
PAYSRC0000251,PAY00000251,ORD0000225,1,net_banking,1445.88,2025-01-05T04:16:17,INR
PAYSRC0000252,PAY00000252,ORD0000226,1,card,816.9,2025-04-12T22:32:54,INR
PAYSRC0000253,PAY00000253,ORD0000227,1,card,1822.84,2025-08-08T04:37:53,INR
PAYSRC0000254,PAY00000254,ORD0000228,1,wallet,295.29,2025-08-03T20:33:14,INR
PAYSRC0000255,PAY00000255,ORD0000229,1,cod,1204.16,2025-08-04T15:12:47,INR
PAYSRC0000256,PAY00000256,ORD0000230,1,card,429.62,2025-03-20T09:24:00,INR
PAYSRC0000257,PAY00000257,ORD0000230,2,card,286.41,2025-03-20T03:24:00,INR
PAYSRC0000258,PAY00000258,ORD0000231,1,cod,500000.0,2025-02-13T05:03:34,INR
PAYSRC0000259,PAY00000259,ORD0000232,1,wallet,679.05,2025-09-05T18:00:14,INR
PAYSRC0000260,PAY00000260,ORD0000233,1,upi,964.96,2025-04-25T12:47:47,INR
PAYSRC0000261,PAY00000261,ORD0000234,1,card,753.13,2025-07-29T03:39:42,INR
PAYSRC0000262,PAY00000262,ORD0000235,1,upi,1016.81,2025-09-26T12:04:00,INR
PAYSRC0000263,PAY00000263,ORD0000236,1,card,813.1,2025-07-13T15:34:45,INR
PAYSRC0000264,PAY00000264,ORD0000236,2,card,542.06,2025-07-13T09:34:45,INR
PAYSRC0000265,PAY00000265,ORD0000237,1,card,613.92,2025-08-01T01:19:27,INR
PAYSRC0000266,PAY00000266,ORD0000238,1,card,1693.33,2025-09-30T08:45:07,INR
PAYSRC0000267,PAY00000267,ORD0000239,1,upi,1838.65,2025-08-17T08:16:16,INR
PAYSRC0000268,PAY00000268,ORD0000240,1,card,658.66,2025-01-05T13:35:23,INR
PAYSRC0000269,PAY00000269,ORD0000241,1,wallet,1535.33,2025-06-04T00:12:06,INR
PAYSRC0000270,PAY00000270,ORD0000242,1,card,1767.06,2025-10-03T04:41:32,INR
PAYSRC0000271,PAY00000271,ORD0000243,1,upi,451.9,2025-10-23T14:59:07,INR
PAYSRC0000272,PAY00000272,ORD0000244,1,card,716.08,2025-11-15T13:38:38,INR
PAYSRC0000273,PAY00000273,ORD0000245,1,wallet,500000.0,2025-03-26T07:19:35,INR
PAYSRC0000274,PAY00000274,ORD0000246,1,wallet,377.67,2025-06-24T01:42:29,INR
PAYSRC0000275,PAY00000275,ORD0000247,1,net_banking,557.89,2025-06-22T20:14:37,INR
PAYSRC0000276,PAY00000276,ORD0000248,1,cod,784.21,2025-01-29T23:29:21,INR
PAYSRC0000277,PAY00000277,ORD0000249,1,upi,1059.16,2025-04-22T23:27:38,INR
PAYSRC0000278,PAY00000278,ORD0000250,1,net_banking,450.96,2025-03-10T01:10:25,INR
PAYSRC0000279,PAY00000279,ORD0000251,1,upi,1810.58,2025-10-14T06:27:57,INR
PAYSRC0000280,PAY00000280,ORD0000252,1,upi,1222.78,2025-05-11T05:09:53,INR
PAYSRC0000281,PAY00000281,ORD0000253,1,upi,1134.47,2025-11-11T21:22:06,INR
PAYSRC0000282,PAY00000282,ORD0000254,1,card,1695.73,2025-08-22T05:37:09,INR
PAYSRC0000283,PAY00000283,ORD0000255,1,wallet,1311.45,2025-06-18T00:52:51,INR
PAYSRC0000284,PAY00000284,ORD0000256,1,cod,447.67,2025-10-31T11:48:30,INR
PAYSRC0000285,PAY00000285,ORD0000257,1,cod,389.18,2025-07-30T21:31:38,INR
PAYSRC0000286,PAY00000286,ORD0000258,1,upi,643.69,2025-11-07T07:32:08,INR
PAYSRC0000287,PAY00000287,ORD0000259,1,cod,757.32,2025-01-23T05:04:02,INR
PAYSRC0000288,PAY00000288,ORD0000260,1,upi,301.87,2025-07-28T18:27:06,INR
PAYSRC0000289,PAY00000289,ORD0000261,1,card,1147.67,2025-09-06T13:13:41,INR
PAYSRC0000290,PAY00000290,ORD0000262,1,wallet,848.2,2025-08-05T17:37:54,INR
PAYSRC0000291,PAY00000291,ORD0000263,1,wallet,907.05,2025-11-29T21:34:42,INR
PAYSRC0000292,PAY00000292,ORD0000264,1,card,705.43,2025-04-09T10:33:31,INR
PAYSRC0000293,PAY00000293,ORD0000265,1,card,298.06,2025-03-09T01:26:22,INR
PAYSRC0000294,PAY00000294,ORD0000266,1,upi,1503.87,2025-11-18T03:42:52,INR
PAYSRC0000295,PAY00000295,ORD0000267,1,card,229.23,2025-03-30T05:56:09,INR
PAYSRC0000296,PAY00000296,ORD0000268,1,card,636.36,2025-07-17T14:18:39,INR
PAYSRC0000297,PAY00000297,ORD0000269,1,card,1577.92,2025-05-08T18:53:05,INR
PAYSRC0000298,PAY00000298,ORD0000270,1,card,1453.65,2025-07-03T21:19:29,INR
PAYSRC0000299,PAY00000299,ORD0000271,1,upi,11208.16,2025-05-26T02:49:28,INR
PAYSRC0000300,PAY00000300,ORD0000272,1,card,531.92,2025-08-17T22:18:54,INR
PAYSRC0000301,PAY00000301,ORD0000273,1,upi,934.32,2025-06-14T04:38:43,INR
PAYSRC0000302,PAY00000302,ORD0000274,1,card,2353.82,2025-04-24T05:31:19,INR
PAYSRC0000303,PAY00000303,ORD0000275,1,card,390.1,2025-04-06T04:01:34,INR
PAYSRC0000304,PAY00000304,ORD0000276,1,upi,357.1,2025-08-15T15:34:48,INR
PAYSRC0000305,PAY00000305,ORD0000277,1,wallet,2254.65,2025-09-20T00:55:10,INR
PAYSRC0000306,PAY00000306,ORD0000278,1,card,1134.85,2025-06-07T05:29:08,INR
PAYSRC0000307,PAY00000307,ORD0000279,1,card,480.6,2025-08-27T17:27:03,INR
PAYSRC0000308,PAY00000308,ORD0000280,1,card,633.22,2025-05-14T19:43:48,INR
PAYSRC0000309,PAY00000309,ORD0000280,2,card,422.14,2025-05-14T21:43:48,INR
PAYSRC0000310,PAY00000310,ORD0000281,1,card,373.92,2025-07-06T02:57:41,INR
PAYSRC0000311,PAY00000311,ORD0000282,1,wallet,1060.26,2025-08-12T05:23:04,INR
PAYSRC0000312,PAY00000312,ORD0000283,1,upi,998.0,2025-02-17T17:49:54,INR
PAYSRC0000313,PAY00000313,ORD0000284,1,upi,665.05,2025-08-09T03:58:13,INR
PAYSRC0000314,PAY00000314,ORD0000285,1,card,1119.28,2025-09-12T22:37:59,INR
PAYSRC0000315,PAY00000315,ORD0000286,1,card,305.58,2025-10-08T13:58:32,INR
PAYSRC0000316,PAY00000316,ORD0000287,1,cod,3116.34,2025-02-08T13:18:16,INR
PAYSRC0000317,PAY00000317,ORD0000288,1,wallet,1125.39,2025-05-26T17:13:56,INR
PAYSRC0000318,PAY00000318,ORD0000289,1,card,1221.54,2025-07-30T03:01:23,INR
PAYSRC0000319,PAY00000319,ORD0000290,1,wallet,2352.35,2025-08-26T16:10:56,INR
PAYSRC0000320,PAY00000320,ORD0000291,1,card,227.64,2025-01-18T09:45:40,INR
PAYSRC0000321,PAY00000321,ORD0000292,1,wallet,350.08,2025-11-14T02:51:54,INR
PAYSRC0000322,PAY00000322,ORD0000293,1,wallet,611.05,2025-09-04T08:49:35,INR
PAYSRC0000323,PAY00000323,ORD0000294,1,card,383.26,2025-06-01T09:38:13,INR
PAYSRC0000324,PAY00000324,ORD0000294,2,card,255.51,2025-06-01T03:38:13,INR
PAYSRC0000325,PAY00000325,ORD0000295,1,card,289.34,2025-05-07T16:24:13,INR
PAYSRC0000326,PAY00000326,ORD0000295,2,card,192.9,2025-05-07T19:24:13,INR
PAYSRC0000327,PAY00000327,ORD0000296,1,cod,2187.62,2025-05-27T06:26:33,INR
PAYSRC0000328,PAY00000328,ORD0000297,1,upi,694.93,2025-08-27T09:45:02,INR
PAYSRC0000329,PAY00000329,ORD0000298,1,card,580.54,2025-06-18T23:03:49,INR
PAYSRC0000330,PAY00000330,ORD0000299,1,cod,1172.22,2025-01-13T15:14:34,INR
PAYSRC0000331,PAY00000331,ORD0000300,1,wallet,552.99,2025-10-29T19:30:57,INR
PAYSRC0000332,PAY00000332,ORD0000301,1,card,832.87,2025-06-16T14:33:46,INR
PAYSRC0000333,PAY00000333,ORD0000302,1,upi,421.98,2025-11-22T09:26:43,INR
PAYSRC0000334,PAY00000334,ORD0000303,1,upi,516.2,2025-02-05T02:37:02,INR
PAYSRC0000335,PAY00000335,ORD0000304,1,upi,751.54,2025-08-12T18:36:27,INR
PAYSRC0000336,PAY00000336,ORD0000305,1,upi,1627.75,2025-02-14T13:11:59,INR
PAYSRC0000337,PAY00000337,ORD0000306,1,upi,2394.91,2025-11-08T17:44:17,INR
PAYSRC0000338,PAY00000338,ORD0000307,1,upi,162.32,2025-01-26T17:47:35,INR
PAYSRC0000339,PAY00000339,ORD0000308,1,card,1802.26,2025-02-23T07:15:54,INR
PAYSRC0000340,PAY00000340,ORD0000309,1,card,709.41,2025-06-16T04:52:30,INR
PAYSRC0000341,PAY00000341,ORD0000310,1,card,2080.88,2025-10-28T02:30:03,INR
PAYSRC0000342,PAY00000342,ORD0000311,1,cod,974.22,2025-06-11T09:55:57,INR
PAYSRC0000343,PAY00000343,ORD0000312,1,net_banking,786.56,2025-03-09T17:35:01,INR
PAYSRC0000344,PAY00000344,ORD0000313,1,net_banking,1729.36,2025-01-26T18:36:49,INR
PAYSRC0000345,PAY00000345,ORD0000314,1,card,-609.37,2025-10-26T22:38:40,INR
PAYSRC0000346,PAY00000346,ORD0000315,1,card,858.56,2025-10-02T16:44:26,INR
PAYSRC0000347,PAY00000347,ORD0000316,1,crypto,4046.83,2025-04-24T20:14:05,INR
PAYSRC0000348,PAY00000348,ORD0000317,1,net_banking,1076.54,2025-06-14T04:39:25,INR
PAYSRC0000349,PAY00000349,ORD0000318,1,card,813.5,2025-04-22T18:53:14,INR
PAYSRC0000350,PAY00000350,ORD0000319,1,wallet,585.7,2025-03-06T05:24:06,INR
PAYSRC0000351,PAY00000351,ORD0000320,1,card,356.92,2025-02-17T20:47:14,INR
PAYSRC0000352,PAY00000352,ORD0000321,1,card,298.82,2025-01-21T02:51:39,INR
PAYSRC0000353,PAY00000353,ORD0000322,1,upi,1419.3,2025-05-31T23:49:12,INR
PAYSRC0000354,PAY00000354,ORD0000323,1,card,1173.12,2025-10-04T12:20:58,INR
PAYSRC0000355,PAY00000355,ORD0000324,1,net_banking,1609.81,2025-05-06T15:46:36,INR
PAYSRC0000356,PAY00000356,ORD0000325,1,upi,824.67,2025-02-01T13:08:11,INR
PAYSRC0000357,PAY00000357,ORD0000326,1,card,2074.67,2025-10-07T19:41:08,INR
PAYSRC0000358,PAY00000358,ORD0000327,1,upi,702.53,2025-07-16T21:51:20,INR
PAYSRC0000359,PAY00000359,ORD0000328,1,upi,814.77,2025-01-12T10:45:14,INR
PAYSRC0000360,PAY00000360,ORD0000329,1,card,714.17,2025-11-12T04:41:04,INR
PAYSRC0000361,PAY00000361,ORD0000330,1,card,356.5,2025-11-09T14:17:36,INR
PAYSRC0000362,PAY00000362,ORD0000331,1,card,444.68,2025-05-18T21:57:47,INR
PAYSRC0000363,PAY00000363,ORD0000331,2,card,296.46,2025-05-19T05:57:47,INR
PAYSRC0000364,PAY00000364,ORD0000332,1,cod,1234.61,2025-02-07T10:02:21,INR
PAYSRC0000365,PAY00000365,ORD0000333,1,upi,640.59,2025-10-24T11:26:00,INR
PAYSRC0000366,PAY00000366,ORD0000334,1,upi,1027.34,2025-04-14T03:18:45,INR
PAYSRC0000367,PAY00000367,ORD0000335,1,wallet,876.39,2025-10-13T21:16:16,INR
PAYSRC0000368,PAY00000368,ORD0000336,1,net_banking,311.37,2025-08-12T17:38:19,INR
PAYSRC0000369,PAY00000369,ORD0000337,1,wallet,1957.32,2025-07-05T23:49:29,INR
PAYSRC0000370,PAY00000370,ORD0000338,1,wallet,433.1,2025-05-19T12:35:18,INR
PAYSRC0000371,PAY00000371,ORD0000339,1,cod,442.52,2025-07-19T00:19:01,INR
PAYSRC0000372,PAY00000372,ORD0000340,1,card,441.42,2025-07-03T23:31:00,INR
PAYSRC0000373,PAY00000373,ORD0000341,1,card,1531.92,2025-03-03T20:28:48,INR
PAYSRC0000374,PAY00000374,ORD0000342,1,net_banking,696.03,2025-11-08T19:29:16,INR
PAYSRC0000375,PAY00000375,ORD0000343,1,upi,995.53,2025-01-04T01:43:33,INR
PAYSRC0000376,PAY00000376,ORD0000344,1,cod,719.15,2025-07-27T22:42:37,INR
PAYSRC0000377,PAY00000377,ORD0000345,1,card,816.71,2025-01-11T17:48:28,INR
PAYSRC0000378,PAY00000378,ORD0000346,1,card,229.15,2025-09-30T22:47:41,INR
PAYSRC0000379,PAY00000379,ORD0000347,1,cod,490.34,2025-09-05T01:08:51,INR
PAYSRC0000380,PAY00000380,ORD0000348,1,upi,602.58,2025-03-15T11:44:12,INR
PAYSRC0000381,PAY00000381,ORD0000349,1,cod,553.66,2025-05-01T20:55:26,INR
PAYSRC0000382,PAY00000382,ORD0000350,1,card,250.9,2025-09-11T17:12:58,INR
PAYSRC0000383,PAY00000383,ORD0000350,2,card,167.27,2025-09-11T22:12:58,INR
PAYSRC0000384,PAY00000384,ORD0000351,1,cod,298.65,2025-08-21T19:09:15,INR
PAYSRC0000385,PAY00000385,ORD0000352,1,wallet,1282.72,2025-07-02T04:50:44,INR
PAYSRC0000386,PAY00000386,ORD0000353,1,card,1052.01,2025-02-27T02:35:07,INR
PAYSRC0000387,PAY00000387,ORD0000354,1,cod,585.08,2025-10-09T22:18:54,INR
PAYSRC0000388,PAY00000388,ORD0000355,1,card,309.72,2025-03-14T01:12:59,INR
PAYSRC0000389,PAY00000389,ORD0000356,1,net_banking,912.94,2025-09-15T14:49:37,INR
PAYSRC0000390,PAY00000390,ORD0000357,1,card,206.47,2025-09-11T19:17:43,INR
PAYSRC0000391,PAY00000391,ORD0000357,2,card,137.65,2025-09-11T15:17:43,INR
PAYSRC0000392,PAY00000392,ORD0000358,1,upi,1053.66,2025-02-01T02:31:57,INR
PAYSRC0000393,PAY00000393,ORD0000359,1,card,466.52,2025-04-29T10:30:23,INR
PAYSRC0000394,PAY00000394,ORD0000359,2,card,311.01,2025-04-29T16:30:23,INR
PAYSRC0000395,PAY00000395,ORD0000360,1,card,2319.79,2025-11-08T02:03:36,INR
PAYSRC0000396,PAY00000396,ORD0000361,1,crypto,510.0,2025-08-21T17:30:06,INR
PAYSRC0000397,PAY00000397,ORD0000362,1,card,682.72,2025-06-08T06:09:24,INR
PAYSRC0000398,PAY00000398,ORD0000363,1,card,3007.69,2025-04-03T06:54:29,INR
PAYSRC0000399,PAY00000399,ORD0000364,1,card,441.26,2025-08-08T14:56:08,INR
PAYSRC0000400,PAY00000400,ORD0000365,1,card,611.82,2025-11-27T22:00:31,INR
PAYSRC0000401,PAY00000401,ORD0000366,1,upi,1326.06,2025-03-19T15:48:36,INR
PAYSRC0000402,PAY00000402,ORD0000367,1,card,2497.49,2025-09-27T03:16:21,INR
PAYSRC0000403,PAY00000403,ORD0000368,1,net_banking,2434.22,2025-05-08T04:07:03,INR
PAYSRC0000404,PAY00000404,ORD0000369,1,card,802.85,2025-11-27T13:00:00,INR
PAYSRC0000405,PAY00000405,ORD0000370,1,upi,731.78,2025-11-09T07:46:26,INR
PAYSRC0000406,PAY00000406,ORD0000371,1,card,915.7,2025-03-21T18:13:49,INR
PAYSRC0000407,PAY00000407,ORD0000372,1,upi,3146.63,2025-04-13T07:29:16,INR
PAYSRC0000408,PAY00000408,ORD0000373,1,card,408.5,2025-06-04T19:51:53,INR
PAYSRC0000409,PAY00000409,ORD0000374,1,cod,1997.47,2025-01-02T14:59:08,INR
PAYSRC0000410,PAY00000410,ORD0000375,1,card,1137.31,2025-06-14T00:20:42,INR
PAYSRC0000411,PAY00000411,ORD0000376,1,card,249.76,2025-01-22T13:45:33,INR
PAYSRC0000412,PAY00000412,ORD0000377,1,wallet,271.92,2025-08-01T23:14:36,INR
PAYSRC0000413,PAY00000413,ORD0000378,1,card,2047.54,2025-01-30T08:13:55,INR
PAYSRC0000414,PAY00000414,ORD0000379,1,upi,1398.41,2025-08-31T04:52:24,INR
PAYSRC0000415,PAY00000415,ORD0000380,1,card,521.89,2025-11-15T17:17:58,INR
PAYSRC0000416,PAY00000416,ORD0000381,1,card,2953.28,2025-06-08T00:01:05,INR
PAYSRC0000417,PAY00000417,ORD0000382,1,card,821.58,2025-10-18T12:34:54,INR
PAYSRC0000418,PAY00000418,ORD0000383,1,upi,377.68,2025-03-09T06:10:02,INR
PAYSRC0000419,PAY00000419,ORD0000384,1,card,319.58,2025-10-02T10:09:36,INR
PAYSRC0000420,PAY00000420,ORD0000385,1,wallet,661.65,2025-07-06T06:38:06,INR
PAYSRC0000421,PAY00000421,ORD0000386,1,card,179.91,2025-05-07T21:44:02,INR
PAYSRC0000422,PAY00000422,ORD0000386,2,card,119.94,2025-05-07T13:44:02,INR
PAYSRC0000423,PAY00000423,ORD0000387,1,upi,1907.65,2025-03-10T16:10:56,INR
PAYSRC0000424,PAY00000424,ORD0000388,1,cod,430.33,2025-05-02T15:39:39,INR
PAYSRC0000425,PAY00000425,ORD0000389,1,card,732.26,2025-06-29T17:39:08,INR
PAYSRC0000426,PAY00000426,ORD0000390,1,card,784.42,2025-04-04T16:10:24,INR
PAYSRC0000427,PAY00000427,ORD0000391,1,card,1209.74,2025-05-26T08:16:00,INR
PAYSRC0000428,PAY00000428,ORD0000392,1,wallet,586.27,2025-09-20T10:17:06,INR
PAYSRC0000429,PAY00000429,ORD0000393,1,card,407.29,2025-07-04T00:36:16,INR
PAYSRC0000430,PAY00000430,ORD0000393,2,card,271.53,2025-07-03T18:36:16,INR
PAYSRC0000431,PAY00000431,ORD0000394,1,card,1328.52,2025-05-02T13:07:28,INR
PAYSRC0000432,PAY00000432,ORD0000395,1,wallet,1170.66,2025-05-18T18:48:00,INR
PAYSRC0000433,PAY00000433,ORD0000396,1,card,2164.87,2025-05-19T15:41:24,INR
PAYSRC0000434,PAY00000434,ORD0000396,2,card,1443.25,2025-05-19T16:41:24,INR
PAYSRC0000435,PAY00000435,ORD0000397,1,upi,537.9,2025-01-10T06:35:53,INR
PAYSRC0000436,PAY00000436,ORD0000398,1,upi,1238.36,2025-06-13T09:07:34,INR
PAYSRC0000437,PAY00000437,ORD0000399,1,card,1027.54,2025-06-16T19:10:21,INR
PAYSRC0000438,PAY00000438,ORD0000400,1,card,1639.95,2025-10-09T04:40:30,INR
PAYSRC0000439,PAY00000439,ORD0000401,1,card,996.69,2025-01-28T22:46:06,INR
PAYSRC0000440,PAY00000440,ORD0000402,1,upi,2299.28,2025-05-29T15:05:41,INR
PAYSRC0000441,PAY00000441,ORD0000403,1,upi,2233.07,2025-03-15T06:56:39,INR
PAYSRC0000442,PAY00000442,ORD0000404,1,upi,3518.43,2025-01-06T02:17:16,INR
PAYSRC0000443,PAY00000443,ORD0000405,1,upi,2981.02,2025-09-06T14:59:13,INR
PAYSRC0000444,PAY00000444,ORD0000406,1,upi,2015.75,2025-10-04T20:39:04,INR
PAYSRC0000445,PAY00000445,ORD0000407,1,cod,534.05,2025-07-05T17:09:30,INR
PAYSRC0000446,PAY00000446,ORD0000408,1,wallet,378.2,2025-04-28T19:56:13,INR
PAYSRC0000447,PAY00000447,ORD0000409,1,cod,298.62,2025-01-04T06:44:26,INR
PAYSRC0000448,PAY00000448,ORD0000410,1,wallet,339.61,2025-01-26T14:21:52,INR
PAYSRC0000449,PAY00000449,ORD0000411,1,upi,845.2,2025-06-07T16:59:40,INR
PAYSRC0000450,PAY00000450,ORD0000412,1,net_banking,2263.08,2025-05-17T20:44:49,INR
PAYSRC0000451,PAY00000451,ORD0000413,1,upi,1854.98,2025-11-23T12:57:56,INR
PAYSRC0000452,PAY00000452,ORD0000414,1,upi,634.69,2025-07-04T15:56:51,INR
PAYSRC0000453,PAY00000453,ORD0000415,1,card,458.36,2025-11-23T10:15:52,INR
PAYSRC0000454,PAY00000454,ORD0000416,1,card,815.76,2025-03-16T11:06:00,INR
PAYSRC0000455,PAY00000455,ORD0000417,1,cod,1231.96,2025-01-13T12:46:15,INR
PAYSRC0000456,PAY00000456,ORD0000418,1,upi,957.59,2025-09-06T16:47:22,INR
PAYSRC0000457,PAY00000457,ORD0000419,1,card,765.63,2025-03-03T21:27:05,INR
PAYSRC0000458,PAY00000458,ORD0000420,1,card,227.58,2025-07-01T06:06:58,INR
PAYSRC0000459,PAY00000459,ORD0000421,1,cod,626.88,2025-06-22T20:43:01,INR
PAYSRC0000460,PAY00000460,ORD0000422,1,upi,525.12,2025-07-21T00:48:35,INR
PAYSRC0000461,PAY00000461,ORD0000423,1,wallet,4470.39,2025-11-09T20:39:41,INR
PAYSRC0000462,PAY00000462,ORD0000424,1,upi,174.12,2025-10-20T22:36:09,INR
PAYSRC0000463,PAY00000463,ORD0000425,1,upi,1680.2,2025-07-30T14:35:02,INR
PAYSRC0000464,PAY00000464,ORD0000426,1,card,569.54,2025-05-09T20:00:39,INR
PAYSRC0000465,PAY00000465,ORD0000426,2,card,379.69,2025-05-10T06:00:39,INR
PAYSRC0000466,PAY00000466,ORD0000427,1,cod,1352.44,2025-02-10T06:01:48,INR
PAYSRC0000467,PAY00000467,ORD0000428,1,card,371.06,2025-03-28T10:40:17,INR
PAYSRC0000468,PAY00000468,ORD0000429,1,card,420.84,2025-10-18T03:19:41,INR
PAYSRC0000469,PAY00000469,ORD0000430,1,upi,240.73,2025-05-28T04:34:41,INR
PAYSRC0000470,PAY00000470,ORD0000431,1,card,400.6,2025-05-26T09:11:41,INR
PAYSRC0000471,PAY00000471,ORD0000431,2,card,267.07,2025-05-26T15:11:41,INR
PAYSRC0000472,PAY00000472,ORD0000432,1,card,1212.92,2025-08-08T23:43:48,INR
PAYSRC0000473,PAY00000473,ORD0000433,1,card,500.16,2025-01-25T11:53:10,INR
PAYSRC0000474,PAY00000474,ORD0000433,2,card,333.44,2025-01-25T15:53:10,INR
PAYSRC0000475,PAY00000475,ORD0000434,1,card,852.85,2025-10-14T01:04:45,INR
PAYSRC0000476,PAY00000476,ORD0000435,1,card,1391.8,2025-03-25T13:02:16,INR
PAYSRC0000477,PAY00000477,ORD0000436,1,net_banking,1052.7,2025-04-23T22:48:49,INR
PAYSRC0000478,PAY00000478,ORD0000437,1,card,235.07,2025-03-21T14:17:30,INR
PAYSRC0000479,PAY00000479,ORD0000438,1,card,960.9,2025-06-17T02:49:41,INR
PAYSRC0000480,PAY00000480,ORD0000438,2,card,640.6,2025-06-16T17:49:41,INR
PAYSRC0000481,PAY00000481,ORD0000439,1,upi,2403.5,2025-06-17T09:16:30,INR
PAYSRC0000482,PAY00000482,ORD0000440,1,upi,609.45,2025-11-02T23:45:57,INR
PAYSRC0000483,PAY00000483,ORD0000441,1,card,1127.07,2025-08-19T12:44:21,INR
PAYSRC0000484,PAY00000484,ORD0000442,1,upi,831.71,2025-07-03T05:29:41,INR
PAYSRC0000485,PAY00000485,ORD0000443,1,card,501.5,2025-10-19T18:03:17,INR
PAYSRC0000486,PAY00000486,ORD0000444,1,upi,1463.52,2025-03-08T14:10:55,INR
PAYSRC0000487,PAY00000487,ORD0000445,1,net_banking,801.45,2025-02-14T17:51:39,INR
PAYSRC0000488,PAY00000488,ORD0000446,1,upi,194.72,2025-06-24T13:42:53,INR
PAYSRC0000489,PAY00000489,ORD0000447,1,card,401.35,2025-04-29T19:28:50,INR
PAYSRC0000490,PAY00000490,ORD0000447,2,card,267.56,2025-04-29T21:28:50,INR
PAYSRC0000491,PAY00000491,ORD0000448,1,upi,311.97,2025-10-24T01:57:38,INR
PAYSRC0000492,PAY00000492,ORD0000449,1,upi,1108.3,2025-08-22T02:31:44,INR
PAYSRC0000493,PAY00000493,ORD0000450,1,card,1340.35,2025-02-04T14:54:36,INR
PAYSRC0000494,PAY00000494,ORD0000451,1,net_banking,190.77,2025-10-21T11:55:31,INR
PAYSRC0000495,PAY00000495,ORD0000452,1,cod,949.97,2025-08-11T09:13:43,INR
PAYSRC0000496,PAY00000496,ORD0000453,1,upi,438.59,2025-08-28T17:58:44,INR
PAYSRC0000497,PAY00000497,ORD0000454,1,cod,1573.5,2025-03-13T11:15:00,INR
PAYSRC0000498,PAY00000498,ORD0000455,1,cod,560.5,2025-11-09T11:24:21,INR
PAYSRC0000499,PAY00000499,ORD0000456,1,card,328.75,2025-03-29T17:30:46,INR
PAYSRC0000500,PAY00000500,ORD0000457,1,card,1620.74,2025-11-07T19:23:05,INR
PAYSRC0000501,PAY00000501,ORD0000458,1,card,494.2,2025-04-24T16:23:19,INR
PAYSRC0000502,PAY00000502,ORD0000459,1,card,525.94,2025-06-04T20:52:53,INR
PAYSRC0000503,PAY00000503,ORD0000460,1,upi,742.77,2025-02-26T00:10:02,INR
PAYSRC0000504,PAY00000504,ORD0000461,1,card,1145.03,2025-11-21T19:46:59,INR
PAYSRC0000505,PAY00000505,ORD0000462,1,upi,633.41,2025-08-13T18:39:56,INR
PAYSRC0000506,PAY00000506,ORD0000463,1,card,853.66,2025-07-29T22:32:10,INR
PAYSRC0000507,PAY00000507,ORD0000464,1,card,773.46,2025-11-16T03:44:47,INR
PAYSRC0000508,PAY00000508,ORD0000465,1,card,182.26,2025-09-21T09:48:20,INR
PAYSRC0000509,PAY00000509,ORD0000465,2,card,121.5,2025-09-21T08:48:20,INR
PAYSRC0000510,PAY00000510,ORD0000466,1,card,712.05,2025-06-16T13:15:43,INR
PAYSRC0000511,PAY00000511,ORD0000467,1,upi,594.49,2025-06-26T21:22:45,INR
PAYSRC0000512,PAY00000512,ORD0000468,1,upi,297.94,2025-02-21T17:34:14,INR
PAYSRC0000513,PAY00000513,ORD0000469,1,card,575.45,2025-07-06T19:01:07,INR
PAYSRC0000514,PAY00000514,ORD0000470,1,net_banking,802.61,2025-08-09T17:21:25,INR
PAYSRC0000515,PAY00000515,ORD0000471,1,card,408.55,2025-09-08T09:16:42,INR
PAYSRC0000516,PAY00000516,ORD0000472,1,card,710.15,2025-05-04T10:52:56,INR
PAYSRC0000517,PAY00000517,ORD0000473,1,net_banking,419.54,2025-04-12T17:49:54,INR
PAYSRC0000518,PAY00000518,ORD0000474,1,net_banking,861.65,2025-09-22T05:23:29,INR
PAYSRC0000519,PAY00000519,ORD0000475,1,card,299.12,2025-06-08T19:04:42,INR
PAYSRC0000520,PAY00000520,ORD0000475,2,card,199.42,2025-06-08T15:04:42,INR
PAYSRC0000521,PAY00000521,ORD0000476,1,card,1737.86,2025-01-04T21:31:35,INR
PAYSRC0000522,PAY00000522,ORD0000477,1,card,264.19,2025-05-19T11:54:49,INR
PAYSRC0000523,PAY00000523,ORD0000477,2,card,176.12,2025-05-19T05:54:49,INR
PAYSRC0000524,PAY00000524,ORD0000478,1,wallet,1717.48,2025-04-22T22:32:02,INR
PAYSRC0000525,PAY00000525,ORD0000479,1,card,504.04,2025-03-13T07:45:43,INR
PAYSRC0000526,PAY00000526,ORD9999999,1,card,1206.11,2025-01-26T04:39:07,INR
PAYSRC0000527,PAY00000527,ORD0000481,1,net_banking,496.61,2025-11-22T02:44:13,INR
PAYSRC0000528,PAY00000528,ORD0000482,1,card,662.76,2025-07-01T03:00:19,INR
PAYSRC0000529,PAY00000529,ORD0000483,1,cod,288.93,2025-02-10T09:47:06,INR
PAYSRC0000530,PAY00000530,ORD0000484,1,card,1027.32,2025-07-07T00:24:15,INR
PAYSRC0000531,PAY00000531,ORD0000485,1,card,419.04,2025-09-10T16:33:18,INR
PAYSRC0000532,PAY00000532,ORD0000486,1,cod,1610.79,2025-02-08T05:51:07,INR
PAYSRC0000533,PAY00000533,ORD0000487,1,card,646.92,2025-02-01T02:17:31,INR
PAYSRC0000534,PAY00000534,ORD0000488,1,wallet,556.65,2025-01-05T11:26:09,INR
PAYSRC0000535,PAY00000535,ORD0000489,1,card,1035.15,2025-04-02T15:56:22,INR
PAYSRC0000536,PAY00000536,ORD0000490,1,upi,397.3,2025-05-22T15:48:28,INR
PAYSRC0000537,PAY00000537,ORD0000491,1,upi,370.13,2025-11-13T04:26:16,INR
PAYSRC0000538,PAY00000538,ORD0000492,1,card,423.72,2025-11-06T23:23:42,INR
PAYSRC0000539,PAY00000539,ORD0000493,1,card,482.69,2025-03-27T08:33:20,INR
PAYSRC0000540,PAY00000540,ORD0000494,1,upi,342.36,2025-03-23T04:08:19,INR
PAYSRC0000541,PAY00000541,ORD0000495,1,card,284.32,2025-04-28T04:01:12,INR
PAYSRC0000542,PAY00000542,ORD0000495,2,card,189.54,2025-04-28T01:01:12,INR
PAYSRC0000543,PAY00000543,ORD0000496,1,net_banking,586.07,2025-08-22T06:58:24,INR
PAYSRC0000544,PAY00000544,ORD0000497,1,card,120.02,2025-09-08T15:13:27,INR
PAYSRC0000545,PAY00000545,ORD0000497,2,card,80.01,2025-09-08T19:13:27,INR
PAYSRC0000546,PAY00000546,ORD0000498,1,wallet,564.5,2025-03-26T05:49:42,INR
PAYSRC0000547,PAY00000547,ORD0000499,1,card,2445.93,2025-02-12T20:28:37,INR
PAYSRC0000548,PAY00000548,ORD0000500,1,card,2018.93,2025-05-22T07:39:39,INR
PAYSRC0000549,PAY00000549,ORD0000501,1,card,603.67,2025-02-15T06:26:02,INR
PAYSRC0000550,PAY00000550,ORD0000502,1,upi,545.71,2025-09-30T09:10:23,INR
PAYSRC0000551,PAY00000551,ORD0000503,1,card,1638.32,2025-09-28T03:14:56,INR
PAYSRC0000552,PAY00000552,ORD0000504,1,upi,1820.64,2025-11-03T15:36:02,INR
PAYSRC0000553,PAY00000553,ORD0000505,1,cod,1718.35,2025-08-07T01:21:39,INR
PAYSRC0000554,PAY00000554,ORD0000506,1,net_banking,408.54,2025-09-28T10:16:29,INR
PAYSRC0000555,PAY00000555,ORD0000507,1,upi,246.36,2025-04-15T16:04:17,INR
PAYSRC0000556,PAY00000556,ORD0000508,1,net_banking,531.56,2025-01-18T05:59:25,INR
PAYSRC0000557,PAY00000557,ORD0000509,1,net_banking,929.71,2025-01-05T21:27:53,INR
PAYSRC0000558,PAY00000558,ORD0000510,1,upi,410.77,2025-05-09T03:24:23,INR
PAYSRC0000559,PAY00000559,ORD0000511,1,card,1925.27,2025-09-08T08:14:25,INR
PAYSRC0000560,PAY00000560,ORD0000512,1,card,1637.71,2025-08-11T18:22:29,INR
PAYSRC0000561,PAY00000561,ORD0000513,1,cod,512.72,2025-06-10T19:12:47,INR
PAYSRC0000562,PAY00000562,ORD0000514,1,card,292.06,2025-02-22T18:38:58,INR
PAYSRC0000563,PAY00000563,ORD0000514,2,card,194.71,2025-02-22T12:38:58,INR
PAYSRC0000564,PAY00000564,ORD0000515,1,upi,1877.2,2025-08-22T21:47:21,INR
PAYSRC0000565,PAY00000565,ORD0000516,1,wallet,1055.25,2025-08-16T05:09:27,INR
PAYSRC0000566,PAY00000566,ORD0000517,1,card,729.05,2025-07-16T01:50:56,INR
PAYSRC0000567,PAY00000567,ORD0000518,1,upi,561.32,2025-08-13T12:25:47,INR
PAYSRC0000568,PAY00000568,ORD0000519,1,net_banking,518.9,2025-06-13T22:25:11,INR
PAYSRC0000569,PAY00000569,ORD0000520,1,card,697.57,2025-09-01T19:51:07,INR
PAYSRC0000570,PAY00000570,ORD0000520,2,card,465.05,2025-09-01T19:51:07,INR
PAYSRC0000571,PAY00000571,ORD0000521,1,card,414.9,2025-02-03T06:21:59,INR
PAYSRC0000572,PAY00000572,ORD0000522,1,card,737.41,2025-03-03T16:08:51,INR
PAYSRC0000573,PAY00000573,ORD0000523,1,card,326.29,2025-01-31T21:03:19,INR
PAYSRC0000574,PAY00000574,ORD0000523,1,card,217.52,2025-01-31T23:03:19,INR
PAYSRC0000575,PAY00000575,ORD0000524,1,card,448.01,2025-10-20T10:10:06,INR
PAYSRC0000576,PAY00000576,ORD0000525,1,card,1075.91,2025-05-13T14:14:38,INR
PAYSRC0000577,PAY00000577,ORD0000526,1,cod,353.11,2025-03-27T03:18:18,INR
PAYSRC0000578,PAY00000578,ORD0000527,1,upi,875.49,2025-11-24T17:43:52,INR
PAYSRC0000579,PAY00000579,ORD0000528,1,cod,125.28,2025-09-02T21:56:04,INR
PAYSRC0000580,PAY00000580,ORD0000529,1,cod,1089.94,2025-07-13T16:02:53,INR
PAYSRC0000581,PAY00000581,ORD0000530,1,net_banking,1669.64,2025-08-07T02:31:29,INR
PAYSRC0000582,PAY00000582,ORD0000531,1,wallet,317.44,2025-08-16T16:07:05,INR
PAYSRC0000583,PAY00000583,ORD0000532,1,net_banking,1470.06,2025-04-28T04:48:13,INR
PAYSRC0000584,PAY00000584,ORD0000533,1,upi,1038.32,2025-01-05T01:20:02,INR
PAYSRC0000585,PAY00000585,ORD0000534,1,upi,1428.04,2025-04-02T14:12:37,INR
PAYSRC0000586,PAY00000586,ORD0000535,1,upi,1487.01,2025-07-13T12:01:38,INR
PAYSRC0000587,PAY00000587,ORD0000536,1,card,286.53,2025-01-24T03:07:46,INR
PAYSRC0000588,PAY00000588,ORD0000537,1,card,195.74,2025-11-22T19:46:07,INR
PAYSRC0000589,PAY00000589,ORD0000537,2,card,130.5,2025-11-22T21:46:07,INR
PAYSRC0000590,PAY00000590,ORD0000538,1,net_banking,880.99,2025-08-24T13:21:56,INR
PAYSRC0000591,PAY00000591,ORD0000539,1,upi,1134.43,2025-05-29T08:21:47,INR
PAYSRC0000592,PAY00000592,ORD0000540,1,card,542.58,2025-04-25T05:34:46,INR
PAYSRC0000593,PAY00000593,ORD0000541,1,card,334.04,2025-03-20T22:26:31,INR
PAYSRC0000594,PAY00000594,ORD0000542,1,cod,2019.83,2025-08-25T19:03:43,INR
PAYSRC0000595,PAY00000595,ORD0000543,1,wallet,988.22,2025-07-26T23:29:54,INR
PAYSRC0000596,PAY00000596,ORD0000544,1,card,325.6,2025-05-31T17:33:43,INR
PAYSRC0000597,PAY00000597,ORD0000545,1,upi,563.46,2025-08-14T18:43:44,INR
PAYSRC0000598,PAY00000598,ORD0000546,1,card,1396.82,2025-08-13T09:05:23,INR
PAYSRC0000599,PAY00000599,ORD0000547,1,wallet,2972.75,2025-11-13T11:03:37,INR
PAYSRC0000600,PAY00000600,ORD0000548,1,card,638.66,2025-05-02T23:22:18,INR
