source_record_id,review_id,order_id,review_score,review_date,review_sentiment
REVSRC0000001,REV00000001,ORD0063042,4,2025-03-08T03:39:15,positive
REVSRC0000002,REV00000002,ORD0084376,4,2025-02-20T19:54:30,positive
REVSRC0000003,REV00000003,ORD0099488,5,2025-12-21T23:23:10,positive
REVSRC0000004,REV00000004,ORD0049564,5,2025-03-10T03:16:03,positive
REVSRC0000005,REV00000005,ORD0003725,4,2025-05-22T06:52:26,positive
REVSRC0000006,REV00000006,ORD0006294,5,2025-02-10T05:19:42,positive
REVSRC0000007,REV00000007,ORD0088009,5,2025-09-07T16:19:18,positive
REVSRC0000008,REV00000008,ORD0092156,4,2025-07-11T08:57:27,positive
REVSRC0000009,REV00000009,ORD0085611,4,2025-02-03T02:17:56,positive
REVSRC0000010,REV00000010,ORD0077680,5,2025-05-01T04:03:58,positive
REVSRC0000011,REV00000011,ORD0074793,5,2025-08-29T10:07:54,positive
REVSRC0000012,REV00000012,ORD0015875,3,2025-12-09T09:26:11,neutral
REVSRC0000013,REV00000013,ORD0036648,5,2025-06-23T06:19:41,positive
REVSRC0000014,REV00000014,ORD0083280,4,2025-10-28T15:50:12,positive
REVSRC0000015,REV00000015,ORD0090961,5,2025-04-29T22:06:37,positive
REVSRC0000016,REV00000016,ORD0081479,4,2025-03-27T10:25:02,positive
REVSRC0000017,REV00000017,ORD0051636,3,2025-09-03T15:31:56,neutral
REVSRC0000018,REV00000018,ORD0052895,5,2025-11-27T05:36:12,positive
REVSRC0000019,REV00000019,ORD0064464,3,2025-06-18T13:45:06,neutral
REVSRC0000020,REV00000020,ORD0035813,4,2025-09-30T23:52:39,positive
REVSRC0000021,REV00000021,ORD0085749,3,2025-05-28T15:27:39,neutral
REVSRC0000022,REV00000022,ORD0026520,4,2025-11-07T19:30:28,positive
REVSRC0000023,REV00000023,ORD0070165,3,2025-07-30T17:10:23,neutral
REVSRC0000024,REV00000024,ORD0023901,5,2025-01-17T08:30:18,positive
REVSRC0000025,REV00000025,ORD0021357,5,2025-09-04T05:45:11,positive
REVSRC0000026,REV00000026,ORD0080274,4,2025-06-04T17:13:55,positive
REVSRC0000027,REV00000027,ORD0066868,4,2025-09-25T22:35:17,positive
REVSRC0000028,REV00000028,ORD0006551,2,2025-10-22T02:16:07,negative
REVSRC0000029,REV00000029,ORD0089710,4,2025-12-09T12:37:17,positive
REVSRC0000030,REV00000030,ORD0069919,4,2025-02-09T17:40:17,positive
REVSRC0000031,REV00000031,ORD0050470,4,2025-05-22T22:22:27,positive
REVSRC0000032,REV00000032,ORD0045671,4,2025-11-05T08:13:06,positive
REVSRC0000033,REV00000033,ORD0019766,4,2025-10-08T15:02:33,positive
REVSRC0000034,REV00000034,ORD0055200,5,2025-08-17T17:48:44,positive
REVSRC0000035,REV00000035,ORD0015080,3,2025-07-07T02:35:28,neutral
REVSRC0000036,REV00000036,ORD0068491,3,2025-05-21T19:08:43,neutral
REVSRC0000037,REV00000037,ORD0021523,4,2025-05-07T07:38:04,positive
REVSRC0000038,REV00000038,ORD0069897,5,2025-06-02T02:09:54,positive
REVSRC0000039,REV00000039,ORD0091849,2,2025-10-12T21:56:01,negative
REVSRC0000040,REV00000040,ORD0042337,2,2025-01-15T00:25:36,negative
REVSRC0000041,REV00000041,ORD0033760,5,2025-09-13T04:53:15,positive
REVSRC0000042,REV00000042,ORD0013629,3,2025-07-02T17:58:36,neutral
REVSRC0000043,REV00000043,ORD0065834,2,2025-03-15T20:33:20,negative
REVSRC0000044,REV00000044,ORD0014735,5,2025-05-07T17:44:05,positive
REVSRC0000045,REV00000045,ORD0090040,5,2025-08-04T07:14:58,positive
REVSRC0000046,REV00000046,ORD0058354,5,2025-09-02T17:17:10,positive
REVSRC0000047,REV00000047,ORD0014730,3,2025-09-03T10:52:13,neutral
REVSRC0000048,REV00000048,ORD0092189,5,2025-07-10T09:15:01,positive
REVSRC0000049,REV00000049,ORD0001814,5,2025-08-12T00:24:05,positive
REVSRC0000050,REV00000050,ORD0087967,5,2025-09-10T09:41:35,positive
REVSRC0000051,REV00000051,ORD0035287,4,2025-01-28T10:46:16,positive
REVSRC0000052,REV00000052,ORD0083618,2,2025-06-25T07:54:24,negative
REVSRC0000053,REV00000053,ORD0046472,4,2025-10-15T02:03:16,positive
REVSRC0000054,REV00000054,ORD0061656,5,2025-03-15T12:21:14,positive
REVSRC0000055,REV00000055,ORD0031461,3,2025-06-17T13:02:17,neutral
REVSRC0000056,REV00000056,ORD0073274,1,2025-09-01T10:40:22,negative
REVSRC0000057,REV00000057,ORD0016463,5,2025-12-08T21:07:46,positive
REVSRC0000058,REV00000058,ORD0061539,5,2025-09-19T09:18:16,positive
REVSRC0000059,REV00000059,ORD0056647,1,2025-04-25T00:42:47,negative
REVSRC0000060,REV00000060,ORD0087814,9,2025-08-13T18:28:52,neutral
REVSRC0000061,REV00000061,ORD0007490,4,2025-09-03T15:16:04,positive
REVSRC0000062,REV00000062,ORD0093236,3,2025-11-10T21:21:27,neutral
REVSRC0000063,REV00000063,ORD0082988,3,2025-03-21T14:51:40,neutral
REVSRC0000064,REV00000064,ORD0011425,5,2025-06-14T08:08:52,positive
REVSRC0000065,REV00000065,ORD0024067,3,2025-11-04T21:49:02,neutral
REVSRC0000066,REV00000066,ORD0027305,4,2025-02-16T04:59:18,positive
REVSRC0000067,REV00000067,ORD0065914,4,2025-06-19T20:27:40,positive
REVSRC0000068,REV00000068,ORD0060565,4,2025-04-23T04:10:16,positive
REVSRC0000069,REV00000069,ORD0007588,5,2025-01-14T14:30:10,positive
REVSRC0000070,REV00000070,ORD0076422,5,2025-05-06T17:11:54,positive
REVSRC0000071,REV00000071,ORD0067718,3,2025-02-08T07:33:16,neutral
REVSRC0000072,REV00000072,ORD0022157,4,2025-11-05T17:36:15,positive
REVSRC0000073,REV00000073,ORD0057255,5,2025-08-01T20:26:37,positive
REVSRC0000074,REV00000074,ORD0012692,2,2025-06-25T16:06:09,negative
REVSRC0000075,REV00000075,ORD0065476,5,2025-09-26T04:13:59,positive
REVSRC0000076,REV00000076,ORD0000422,4,2025-08-14T01:48:35,positive
REVSRC0000077,REV00000077,ORD0092258,5,2025-07-04T02:06:49,positive
REVSRC0000078,REV00000078,ORD0078294,5,2025-05-30T00:10:25,positive
REVSRC0000079,REV00000079,ORD0091291,3,2025-07-13T20:01:46,neutral
REVSRC0000080,REV00000080,ORD0071240,1,2025-09-30T14:42:07,negative
REVSRC0000081,REV00000081,ORD0047302,4,2025-04-25T16:01:09,positive
REVSRC0000082,REV00000082,ORD0071296,4,2025-07-26T17:24:14,positive
REVSRC0000083,REV00000083,ORD0024784,5,2025-05-07T05:20:42,positive
REVSRC0000084,REV00000084,ORD0073255,2,2025-10-28T07:16:21,negative
REVSRC0000085,REV00000085,ORD0071863,5,2025-09-09T09:41:33,positive
REVSRC0000086,REV00000086,ORD0043325,3,2025-06-07T07:28:17,neutral
REVSRC0000087,REV00000087,ORD0014765,1,2025-08-14T07:26:02,negative
REVSRC0000088,REV00000088,ORD0063485,1,2025-08-01T09:23:07,negative
REVSRC0000089,REV00000089,ORD0012579,4,2025-03-31T10:42:07,positive
REVSRC0000090,REV00000090,ORD0044638,5,2025-03-14T19:29:28,positive
REVSRC0000091,REV00000091,ORD0028298,3,2025-06-12T18:22:04,neutral
REVSRC0000092,REV00000092,ORD0054005,4,2025-12-07T12:30:45,positive
REVSRC0000093,REV00000093,ORD0033938,5,2025-08-12T04:26:04,positive
REVSRC0000094,REV00000094,ORD0052593,1,2025-12-06T21:13:18,negative
REVSRC0000095,REV00000095,ORD0063359,4,2025-11-01T14:27:38,positive
REVSRC0000096,REV00000096,ORD0037591,3,2025-05-08T15:19:10,neutral
REVSRC0000097,REV00000097,ORD0071347,4,2025-11-21T12:49:50,positive
REVSRC0000098,REV00000098,ORD0094322,1,2025-02-23T00:33:08,negative
REVSRC0000099,REV00000099,ORD0088044,5,2025-05-27T00:52:29,positive
REVSRC0000100,REV00000100,ORD0077737,2,2025-08-29T17:37:32,negative
REVSRC0000101,REV00000101,ORD0015349,5,2025-09-24T13:27:36,positive
REVSRC0000102,REV00000102,ORD0021541,3,2025-10-12T21:58:21,neutral
REVSRC0000103,REV00000103,ORD0095297,4,2025-10-16T08:13:34,positive
REVSRC0000104,REV00000104,ORD0045841,5,2025-09-20T01:23:56,positive
REVSRC0000105,REV00000105,ORD0019280,4,2025-02-12T22:58:22,positive
REVSRC0000106,REV00000106,ORD0010389,3,2025-08-28T17:22:46,neutral
REVSRC0000107,REV00000107,ORD0012469,4,2025-07-09T02:06:37,positive
REVSRC0000108,REV00000108,ORD0006007,3,2025-02-26T08:55:05,neutral
REVSRC0000109,REV00000109,ORD0016586,5,2025-03-24T21:32:50,positive
REVSRC0000110,REV00000110,ORD0073271,3,2025-04-17T03:46:37,neutral
REVSRC0000111,REV00000111,ORD0063389,5,2025-05-23T22:23:16,positive
REVSRC0000112,REV00000112,ORD0094759,4,2025-11-09T11:00:44,positive
REVSRC0000113,REV00000113,ORD0059280,2,2025-08-13T20:29:09,negative
REVSRC0000114,REV00000114,ORD0012436,4,2025-07-14T07:24:33,positive
REVSRC0000115,REV00000115,ORD0068713,4,2025-03-01T21:37:44,positive
REVSRC0000116,REV00000116,ORD0011436,1,2025-11-29T13:46:16,negative
REVSRC0000117,REV00000117,ORD0042790,5,2025-10-03T06:53:38,positive
REVSRC0000118,REV00000118,ORD0095269,3,2025-05-02T11:19:39,neutral
REVSRC0000119,REV00000119,ORD0077546,5,2025-04-21T05:30:14,positive
REVSRC0000120,REV00000120,ORD0067362,2,2025-07-19T06:12:56,negative
REVSRC0000121,REV00000121,ORD0032187,2,2025-07-21T05:45:36,negative
REVSRC0000122,REV00000122,ORD0021391,2,2025-06-13T17:23:57,negative
REVSRC0000123,REV00000123,ORD0075758,5,2025-10-18T17:27:00,positive
REVSRC0000124,REV00000124,ORD0046690,2,2025-10-01T22:35:02,negative
REVSRC0000125,REV00000125,ORD0029865,5,2025-01-22T01:12:47,positive
REVSRC0000126,REV00000126,ORD0009205,3,2025-02-11T17:25:25,neutral
REVSRC0000127,REV00000127,ORD0021462,5,2025-07-30T22:31:39,positive
REVSRC0000128,REV00000128,ORD0089065,5,2025-08-01T13:19:16,positive
REVSRC0000129,REV00000129,ORD0080384,3,2025-06-11T22:26:56,neutral
REVSRC0000130,REV00000130,ORD0000931,3,2025-10-02T23:21:02,neutral
REVSRC0000131,REV00000131,ORD0030298,5,2025-04-07T08:55:37,positive
REVSRC0000132,REV00000132,ORD0088588,3,2025-07-31T17:56:33,neutral
REVSRC0000133,REV00000133,ORD0052282,4,2025-05-16T11:06:35,positive
REVSRC0000134,REV00000134,ORD0060608,5,2025-11-01T12:58:09,positive
REVSRC0000135,REV00000135,ORD0024272,4,2025-11-04T05:02:39,positive
REVSRC0000136,REV00000136,ORD0064247,4,2025-06-23T20:25:16,positive
REVSRC0000137,REV00000137,ORD0060919,5,2025-06-10T09:25:57,positive
REVSRC0000138,REV00000138,ORD0096878,4,2025-08-09T05:01:56,positive
REVSRC0000139,REV00000139,ORD0034854,3,2025-11-21T00:15:02,neutral
REVSRC0000140,REV00000140,ORD0042574,4,2025-06-20T23:51:14,positive
REVSRC0000141,REV00000141,ORD0012979,4,2025-11-11T22:01:17,positive
REVSRC0000142,REV00000142,ORD0074996,3,2025-07-07T09:17:22,neutral
REVSRC0000143,REV00000143,ORD0069192,4,2025-02-22T18:22:35,positive
REVSRC0000144,REV00000144,ORD0083903,4,2025-06-12T17:30:23,positive
REVSRC0000145,REV00000145,ORD0009979,2,2025-03-04T13:56:47,negative
REVSRC0000146,REV00000146,ORD0032826,2,2025-04-10T04:48:20,negative
REVSRC0000147,REV00000147,ORD0093187,3,2025-02-18T12:28:00,neutral
REVSRC0000148,REV00000148,ORD0065235,3,2025-09-14T14:57:21,neutral
REVSRC0000149,REV00000149,ORD0039093,4,2025-10-26T19:02:01,positive
REVSRC0000150,REV00000150,ORD0077438,3,2025-03-16T18:38:46,neutral
REVSRC0000151,REV00000151,ORD0014472,4,2025-09-11T23:47:35,positive
REVSRC0000152,REV00000152,ORD0098544,4,2025-07-12T12:40:21,positive
REVSRC0000153,REV00000153,ORD0041541,4,2025-12-13T17:40:06,positive
REVSRC0000154,REV00000154,ORD0078350,1,2025-12-18T10:39:38,negative
REVSRC0000155,REV00000155,ORD0018717,2,2025-09-17T02:12:05,negative
REVSRC0000156,REV00000156,ORD0022714,2,2025-01-31T10:55:58,negative
REVSRC0000157,REV00000157,ORD0010987,5,2025-08-11T05:01:35,positive
REVSRC0000158,REV00000158,ORD0029382,5,2025-03-13T11:15:39,positive
REVSRC0000159,REV00000159,ORD0000724,2,2025-04-03T10:03:37,negative
REVSRC0000160,REV00000160,ORD0067656,3,2025-05-27T20:31:21,neutral
REVSRC0000161,REV00000161,ORD0016595,5,2025-03-13T12:52:29,positive
REVSRC0000162,REV00000162,ORD0000385,3,2025-07-29T23:38:06,neutral
REVSRC0000163,REV00000163,ORD0015530,5,2025-03-08T02:17:25,positive
REVSRC0000164,REV00000164,ORD0008037,4,2025-07-02T19:06:41,positive
REVSRC0000165,REV00000165,ORD0056740,2,2025-03-21T02:12:42,negative
REVSRC0000166,REV00000166,ORD0008149,5,2025-03-31T14:41:48,positive
REVSRC0000167,REV00000167,ORD0060562,3,2025-09-15T01:09:13,neutral
REVSRC0000168,REV00000168,ORD0015389,1,2025-07-22T13:15:46,negative
REVSRC0000169,REV00000169,ORD0084887,1,2025-12-12T06:21:29,negative
REVSRC0000170,REV00000170,ORD0089390,3,2025-04-23T01:56:16,neutral
REVSRC0000171,REV00000171,ORD0040496,5,2025-09-01T20:14:42,positive
REVSRC0000172,REV00000172,ORD0022326,4,2025-03-19T19:12:56,positive
REVSRC0000173,REV00000173,ORD0019554,5,2025-10-20T10:12:00,positive
REVSRC0000174,REV00000174,ORD0026885,4,2025-07-19T06:45:05,positive
REVSRC0000175,REV00000175,ORD0016245,1,2025-05-10T09:08:48,negative
REVSRC0000176,REV00000176,ORD0090956,3,2025-02-23T08:14:37,neutral
REVSRC0000177,REV00000177,ORD0027046,2,2025-05-26T06:28:21,negative
REVSRC0000178,REV00000178,ORD0004203,3,2025-10-14T10:35:50,neutral
REVSRC0000179,REV00000179,ORD0001221,2,2025-08-16T08:48:24,negative
REVSRC0000180,REV00000180,ORD0093662,4,2025-04-08T13:49:53,positive
REVSRC0000181,REV00000181,ORD0088173,5,2025-01-28T12:36:26,positive
REVSRC0000182,REV00000182,ORD0003896,4,2025-05-06T09:13:51,positive
REVSRC0000183,REV00000183,ORD0058157,5,2025-03-18T09:58:18,positive
REVSRC0000184,REV00000184,ORD0079547,3,2025-12-11T15:28:24,neutral
REVSRC0000185,REV00000185,ORD0060077,2,2025-04-07T04:39:16,negative
REVSRC0000186,REV00000186,ORD0024168,3,2025-09-06T22:25:48,neutral
REVSRC0000187,REV00000187,ORD0051138,5,2025-05-07T22:06:29,positive
REVSRC0000188,REV00000188,ORD0003194,4,2025-04-12T16:27:48,positive
REVSRC0000189,REV00000189,ORD0032705,4,2025-05-22T02:30:31,positive
REVSRC0000190,REV00000190,ORD0068325,5,2025-06-10T21:49:34,positive
REVSRC0000191,REV00000191,ORD0025673,5,2025-02-14T16:24:07,positive
REVSRC0000192,REV00000192,ORD0047417,5,2025-05-26T10:04:59,positive
REVSRC0000193,REV00000193,ORD0079718,4,2025-11-07T09:10:56,positive
REVSRC0000194,REV00000194,ORD0068280,4,2025-07-20T09:21:33,positive
REVSRC0000195,REV00000195,ORD0014307,5,2025-03-20T06:04:57,positive
REVSRC0000196,REV00000196,ORD0001004,4,2025-03-06T03:13:48,positive
REVSRC0000197,REV00000197,ORD0030086,4,2025-01-25T08:16:12,positive
REVSRC0000198,REV00000198,ORD0080616,5,2025-09-05T20:04:41,positive
REVSRC0000199,REV00000199,ORD0092152,3,2025-07-22T17:19:18,neutral
REVSRC0000200,REV00000200,ORD0009586,4,2025-10-25T15:42:51,positive
REVSRC0000201,REV00000201,ORD0082528,4,2025-06-18T01:54:56,positive
REVSRC0000202,REV00000202,ORD0034261,3,2025-08-31T18:55:39,neutral
REVSRC0000203,REV00000203,ORD0071704,2,2025-09-01T00:29:03,negative
REVSRC0000204,REV00000204,ORD0000893,5,2025-03-12T23:20:55,positive
REVSRC0000205,REV00000205,ORD0090621,5,2025-08-07T16:28:27,positive
REVSRC0000206,REV00000206,ORD0091160,4,2025-09-30T16:02:21,positive
REVSRC0000207,REV00000207,ORD0012156,5,2025-12-12T18:16:36,positive
REVSRC0000208,REV00000208,ORD0085121,3,2025-08-24T17:42:20,neutral
REVSRC0000209,REV00000209,ORD0083561,3,2025-04-17T15:50:54,neutral
REVSRC0000210,REV00000210,ORD0095554,4,2025-09-29T17:40:52,positive
REVSRC0000211,REV00000211,ORD0056717,4,2025-06-21T10:40:36,positive
REVSRC0000212,REV00000212,ORD0037133,3,2025-10-24T03:43:21,neutral
REVSRC0000213,REV00000213,ORD0029416,4,2025-02-18T17:18:58,positive
REVSRC0000214,REV00000214,ORD0059983,5,2025-04-11T15:41:21,positive
REVSRC0000215,REV00000215,ORD0013191,3,2025-04-13T14:20:30,neutral
REVSRC0000216,REV00000216,ORD0065653,4,2025-02-22T17:28:48,positive
REVSRC0000217,REV00000217,ORD0007723,5,2025-05-18T08:54:51,positive
REVSRC0000218,REV00000218,ORD0046951,5,2025-06-06T03:05:45,positive
REVSRC0000219,REV00000219,ORD0077320,3,2025-05-25T22:00:34,neutral
REVSRC0000220,REV00000220,ORD0071928,2,2025-11-12T22:14:10,negative
REVSRC0000221,REV00000221,ORD0058488,3,2025-06-11T08:16:32,neutral
REVSRC0000222,REV00000222,ORD0027666,4,2025-09-26T07:54:16,positive
REVSRC0000223,REV00000223,ORD0037741,4,2025-12-18T16:50:41,positive
REVSRC0000224,REV00000224,ORD0005132,4,2025-04-15T18:43:07,positive
REVSRC0000225,REV00000225,ORD0044163,3,2025-04-08T11:18:19,neutral
REVSRC0000226,REV00000226,ORD0055489,4,2025-02-17T07:44:36,positive
REVSRC0000227,REV00000227,ORD0018431,5,2025-10-06T09:04:30,positive
REVSRC0000228,REV00000228,ORD0001034,2,2025-05-05T11:08:07,negative
REVSRC0000229,REV00000229,ORD0018332,3,2025-05-21T20:47:18,neutral
REVSRC0000230,REV00000230,ORD0066487,5,2025-09-22T23:12:30,positive
REVSRC0000231,REV00000231,ORD0054772,3,2025-10-02T19:40:00,neutral
REVSRC0000232,REV00000232,ORD0035021,4,2025-03-05T12:58:14,positive
REVSRC0000233,REV00000233,ORD0095173,3,2025-11-25T19:24:04,neutral
REVSRC0000234,REV00000234,ORD0018713,5,2025-10-17T07:34:56,positive
REVSRC0000235,REV00000235,ORD0016043,3,2025-11-02T00:49:34,neutral
REVSRC0000236,REV00000236,ORD0090845,4,2025-06-15T19:06:41,positive
REVSRC0000237,REV00000237,ORD0075230,5,2025-01-21T02:28:19,positive
REVSRC0000238,REV00000238,ORD0030790,4,2025-04-12T00:58:46,positive
REVSRC0000239,REV00000239,ORD0079339,4,2025-07-29T22:31:39,positive
REVSRC0000240,REV00000240,ORD0075302,1,2025-11-24T13:37:21,negative
REVSRC0000241,REV00000241,ORD0086070,4,2025-10-16T06:34:06,positive
REVSRC0000242,REV00000242,ORD0015797,4,2025-10-27T19:30:36,positive
REVSRC0000243,REV00000243,ORD0003206,5,2025-11-03T23:57:34,positive
REVSRC0000244,REV00000244,ORD0019974,5,2025-12-13T19:22:17,positive
REVSRC0000245,REV00000245,ORD0083019,4,2025-07-12T20:41:15,positive
REVSRC0000246,REV00000246,ORD0004805,3,2025-11-09T12:28:39,neutral
REVSRC0000247,REV00000247,ORD0018897,5,2025-06-12T11:03:44,positive
REVSRC0000248,REV00000248,ORD0005731,3,2025-03-11T11:14:04,neutral
REVSRC0000249,REV00000249,ORD0017118,5,2025-04-29T01:59:00,positive
REVSRC0000250,REV00000250,ORD0031018,3,2025-03-18T09:48:02,neutral
REVSRC0000251,REV00000251,ORD0083328,5,2025-01-21T01:06:58,positive
REVSRC0000252,REV00000252,ORD0017131,5,2025-05-18T12:48:25,positive
REVSRC0000253,REV00000253,ORD0021341,2,2025-12-18T18:44:36,negative
REVSRC0000254,REV00000254,ORD0003153,4,2025-05-25T16:09:41,positive
REVSRC0000255,REV00000255,ORD0003287,4,2025-06-20T09:52:35,positive
REVSRC0000256,REV00000256,ORD0068637,2,2025-08-03T03:54:28,negative
REVSRC0000257,REV00000257,ORD0025572,5,2025-02-25T04:19:23,positive
REVSRC0000258,REV00000258,ORD0068487,2,2025-10-15T17:28:38,negative
REVSRC0000259,REV00000259,ORD0065659,3,2025-11-29T19:43:25,neutral
REVSRC0000260,REV00000260,ORD0000289,3,2025-08-23T21:01:23,neutral
REVSRC0000261,REV00000261,ORD0057292,5,2025-11-12T13:40:40,positive
REVSRC0000262,REV00000262,ORD0024589,4,2025-02-06T03:11:13,positive
REVSRC0000263,REV00000263,ORD0076404,5,2025-04-27T21:44:22,positive
REVSRC0000264,REV00000264,ORD0036733,5,2025-12-13T18:54:50,positive
REVSRC0000265,REV00000265,ORD0045678,4,2025-12-14T22:31:44,positive
REVSRC0000266,REV00000266,ORD0087161,5,2025-03-31T07:44:56,positive
REVSRC0000267,REV00000267,ORD0015707,5,2025-07-28T17:17:56,positive
REVSRC0000268,REV00000268,ORD0021046,5,2025-07-23T08:25:43,positive
REVSRC0000269,REV00000269,ORD0070585,5,2025-02-21T09:40:00,positive
REVSRC0000270,REV00000270,ORD0018534,4,2025-07-23T07:06:30,positive
REVSRC0000271,REV00000271,ORD0094616,5,2025-03-26T16:03:36,positive
REVSRC0000272,REV00000272,ORD0063063,4,2025-05-08T00:17:15,positive
REVSRC0000273,REV00000273,ORD0052403,2,2025-03-29T03:37:44,negative
REVSRC0000274,REV00000274,ORD0018202,5,2025-05-29T10:41:32,positive
REVSRC0000275,REV00000275,ORD0058237,1,2025-02-01T01:29:05,negative
REVSRC0000276,REV00000276,ORD0077877,1,2025-09-08T13:29:41,negative
REVSRC0000277,REV00000277,ORD0000389,5,2025-07-07T10:39:08,positive
REVSRC0000278,REV00000278,ORD0077238,4,2025-08-11T20:44:29,positive
REVSRC0000279,REV00000279,ORD0000706,2,2025-05-13T09:19:29,negative
REVSRC0000280,REV00000280,ORD0000319,5,2025-03-19T23:24:06,positive
REVSRC0000281,REV00000281,ORD0098573,5,2025-06-16T08:52:14,positive
REVSRC0000282,REV00000282,ORD0080305,2,2025-04-19T05:04:28,negative
REVSRC0000283,REV00000283,ORD0096284,4,2025-03-18T10:44:39,positive
REVSRC0000284,REV00000284,ORD0014501,5,2025-06-21T11:26:50,positive
REVSRC0000285,REV00000285,ORD0046833,2,2025-05-22T13:51:11,negative
REVSRC0000286,REV00000286,ORD0018829,4,2025-08-28T15:49:30,positive
REVSRC0000287,REV00000287,ORD0034130,2,2025-06-22T13:02:10,negative
REVSRC0000288,REV00000288,ORD0091124,5,2025-09-11T03:04:05,positive
REVSRC0000289,REV00000289,ORD0025286,2,2025-07-11T08:11:41,negative
REVSRC0000290,REV00000290,ORD0079310,5,2025-06-25T01:01:03,positive
REVSRC0000291,REV00000291,ORD0005696,4,2025-06-01T04:42:45,positive
REVSRC0000292,REV00000292,ORD0068154,4,2025-04-14T16:12:37,positive
REVSRC0000293,REV00000293,ORD0025769,4,2025-05-13T20:28:50,positive
REVSRC0000294,REV00000294,ORD0002222,5,2025-03-10T17:16:21,positive
REVSRC0000295,REV00000295,ORD0087614,5,2025-03-20T21:01:18,positive
REVSRC0000296,REV00000296,ORD0056829,5,2025-02-07T21:59:05,positive
REVSRC0000297,REV00000297,ORD0012493,4,2025-11-08T18:48:24,positive
REVSRC0000298,REV00000298,ORD0078901,5,2025-11-03T09:32:54,positive
REVSRC0000299,REV00000299,ORD0031566,4,2025-11-07T16:37:12,positive
REVSRC0000300,REV00000300,ORD0067836,1,2025-02-23T05:47:06,negative
REVSRC0000301,REV00000301,ORD0025363,4,2025-11-19T12:50:11,positive
REVSRC0000302,REV00000302,ORD0094329,2,2025-10-01T21:29:06,negative
REVSRC0000303,REV00000303,ORD0071490,5,2025-05-25T16:08:50,positive
REVSRC0000304,REV00000304,ORD0029733,5,2025-04-16T10:44:11,positive
REVSRC0000305,REV00000305,ORD0023892,3,2025-10-20T14:32:04,neutral
REVSRC0000306,REV00000306,ORD0080169,5,2025-08-07T20:49:41,positive
REVSRC0000307,REV00000307,ORD0061158,5,2025-03-17T09:10:27,positive
REVSRC0000308,REV00000308,ORD0087031,5,2025-11-01T07:26:37,positive
REVSRC0000309,REV00000309,ORD0062024,2,2025-11-21T09:43:19,negative
REVSRC0000310,REV00000310,ORD0080998,5,2025-03-23T10:04:01,positive
REVSRC0000311,REV00000311,ORD0078326,1,2025-07-19T11:03:43,negative
REVSRC0000312,REV00000312,ORD0026290,3,2025-05-04T03:07:03,neutral
REVSRC0000313,REV00000313,ORD0098593,1,2025-05-09T02:32:54,negative
REVSRC0000314,REV00000314,ORD0043671,5,2025-10-10T01:47:00,positive
REVSRC0000315,REV00000315,ORD0050145,4,2025-01-30T12:56:47,positive
REVSRC0000316,REV00000316,ORD0028837,5,2025-09-29T05:28:04,positive
REVSRC0000317,REV00000317,ORD0078887,4,2025-01-18T08:26:17,positive
REVSRC0000318,REV00000318,ORD0049657,4,2025-06-10T22:19:21,positive
REVSRC0000319,REV00000319,ORD0024373,5,2025-07-05T02:34:54,positive
REVSRC0000320,REV00000320,ORD0096162,3,2025-06-26T13:13:37,neutral
REVSRC0000321,REV00000321,ORD0032689,5,2025-04-21T17:44:59,positive
REVSRC0000322,REV00000322,ORD0091370,4,2025-04-30T14:31:29,positive
REVSRC0000323,REV00000323,ORD0055363,1,2025-12-13T19:44:29,negative
REVSRC0000324,REV00000324,ORD0087017,4,2025-08-28T07:49:12,positive
REVSRC0000325,REV00000325,ORD0082276,3,2025-08-08T20:13:23,neutral
REVSRC0000326,REV00000326,ORD0042558,4,2025-03-03T14:46:33,positive
REVSRC0000327,REV00000327,ORD0010450,2,2025-09-03T21:06:42,negative
REVSRC0000328,REV00000328,ORD0049902,5,2025-10-26T04:48:19,positive
REVSRC0000329,REV00000329,ORD0058266,5,2025-12-04T21:20:29,positive
REVSRC0000330,REV00000330,ORD0027765,5,2025-04-29T05:16:15,positive
REVSRC0000331,REV00000331,ORD0060138,4,2025-11-16T13:26:59,positive
REVSRC0000332,REV00000332,ORD0056256,4,2025-02-17T04:54:34,positive
REVSRC0000333,REV00000333,ORD0077245,2,2025-05-28T15:11:15,negative
REVSRC0000334,REV00000334,ORD0027456,5,2025-02-22T00:38:44,positive
REVSRC0000335,REV00000335,ORD0055803,4,2025-08-17T00:52:24,positive
REVSRC0000336,REV00000336,ORD0039438,3,2025-09-12T04:18:58,neutral
REVSRC0000337,REV00000337,ORD0045471,5,2025-10-15T02:24:09,positive
REVSRC0000338,REV00000338,ORD0006631,1,2025-06-02T17:21:33,negative
REVSRC0000339,REV00000339,ORD0086687,5,2025-12-11T04:10:34,positive
REVSRC0000340,REV00000340,ORD0061463,4,2025-03-03T03:14:24,positive
REVSRC0000341,REV00000341,ORD0034368,3,2025-10-20T18:14:56,neutral
REVSRC0000342,REV00000342,ORD0094293,1,2025-07-01T11:44:43,negative
REVSRC0000343,REV00000343,ORD0057530,4,2025-02-26T08:28:51,positive
REVSRC0000344,REV00000344,ORD0012420,3,2025-06-11T04:27:32,neutral
REVSRC0000345,REV00000345,ORD0088785,4,2025-07-25T20:26:55,positive
REVSRC0000346,REV00000346,ORD0009952,4,2025-05-31T05:46:21,positive
REVSRC0000347,REV00000347,ORD0086341,2,2025-11-08T09:02:47,negative
REVSRC0000348,REV00000348,ORD0029667,5,2025-12-17T11:26:57,positive
REVSRC0000349,REV00000349,ORD0001359,4,2025-09-29T14:47:19,positive
REVSRC0000350,REV00000350,ORD0015640,4,2025-08-07T08:05:22,positive
REVSRC0000351,REV00000351,ORD0046078,4,2025-02-12T16:23:56,positive
REVSRC0000352,REV00000352,ORD0091714,4,2025-10-26T14:45:01,positive
REVSRC0000353,REV00000353,ORD0098290,5,2025-11-15T08:24:42,positive
REVSRC0000354,REV00000354,ORD0060371,2,2025-04-27T09:32:41,negative
REVSRC0000355,REV00000355,ORD0090644,4,2025-03-07T09:48:12,positive
REVSRC0000356,REV00000356,ORD0000333,5,2025-11-02T00:26:00,positive
REVSRC0000357,REV00000357,ORD0029301,2,2025-03-17T04:22:19,negative
REVSRC0000358,REV00000358,ORD0091699,4,2025-02-20T13:56:53,positive
REVSRC0000359,REV00000359,ORD0043785,2,2025-01-30T22:01:13,negative
REVSRC0000360,REV00000360,ORD0098598,4,2025-06-22T22:22:05,positive
REVSRC0000361,REV00000361,ORD0041722,4,2025-03-17T03:41:09,positive
REVSRC0000362,REV00000362,ORD0027515,4,2025-02-07T20:49:12,positive
REVSRC0000363,REV00000363,ORD0038587,3,2025-08-06T06:01:04,neutral
REVSRC0000364,REV00000364,ORD0084675,5,2025-11-03T08:44:57,positive
REVSRC0000365,REV00000365,ORD0075908,3,2025-06-20T08:37:01,neutral
REVSRC0000366,REV00000366,ORD0052061,2,2025-02-21T15:36:42,negative
REVSRC0000367,REV00000367,ORD0018192,4,2025-02-17T15:03:47,positive
REVSRC0000368,REV00000368,ORD0017104,5,2025-08-08T01:30:51,positive
REVSRC0000369,REV00000369,ORD0097610,4,2025-06-14T04:46:04,positive
REVSRC0000370,REV00000370,ORD0017006,4,2025-11-12T09:28:30,positive
REVSRC0000371,REV00000371,ORD0012659,3,2025-04-16T07:23:43,neutral
REVSRC0000372,REV00000372,ORD0070264,4,2025-03-15T22:11:08,positive
REVSRC0000373,REV00000373,ORD0003260,5,2025-04-07T10:44:06,positive
REVSRC0000374,REV00000374,ORD0064773,1,2025-12-11T03:26:44,negative
REVSRC0000375,REV00000375,ORD0030834,2,2025-10-31T02:25:24,negative
REVSRC0000376,REV00000376,ORD0074550,2,2025-07-29T19:17:10,negative
REVSRC0000377,REV00000377,ORD0095095,3,2025-03-31T15:53:28,neutral
REVSRC0000378,REV00000378,ORD0085858,3,2025-06-17T01:42:10,neutral
REVSRC0000379,REV00000379,ORD0054784,1,2025-05-19T12:48:38,negative
REVSRC0000380,REV00000380,ORD0022656,3,2025-06-06T19:17:12,neutral
REVSRC0000381,REV00000381,ORD0018199,5,2025-10-08T12:10:25,positive
REVSRC0000382,REV00000382,ORD0086356,4,2025-11-28T23:31:09,positive
REVSRC0000383,REV00000383,ORD0031164,3,2025-12-16T11:39:17,neutral
REVSRC0000384,REV00000384,ORD0056374,3,2025-09-05T10:26:25,neutral
REVSRC0000385,REV00000385,ORD0000098,4,2025-04-12T20:49:12,positive
REVSRC0000386,REV00000386,ORD0081989,4,2025-07-07T08:41:38,positive
REVSRC0000387,REV00000387,ORD0085425,5,2025-06-24T04:38:05,positive
REVSRC0000388,REV00000388,ORD0092674,1,2025-07-06T16:58:52,negative
REVSRC0000389,REV00000389,ORD0089306,3,2025-02-27T06:20:48,neutral
REVSRC0000390,REV00000390,ORD0026796,5,2025-09-04T10:44:30,positive
REVSRC0000391,REV00000391,ORD0004001,5,2025-05-25T06:27:04,positive
REVSRC0000392,REV00000392,ORD0069256,5,2025-08-14T08:27:49,positive
REVSRC0000393,REV00000393,ORD0086353,4,2025-12-14T07:14:37,positive
REVSRC0000394,REV00000394,ORD0009303,5,2025-11-07T15:55:10,positive
REVSRC0000395,REV00000395,ORD0098733,3,2025-07-12T15:19:16,neutral
REVSRC0000396,REV00000396,ORD0012996,3,2025-12-02T00:45:31,neutral
REVSRC0000397,REV00000397,ORD0083216,4,2025-02-23T14:52:55,positive
REVSRC0000398,REV00000398,ORD0055133,3,2025-03-12T11:56:14,neutral
REVSRC0000399,REV00000399,ORD0052457,5,2025-03-20T20:58:43,positive
REVSRC0000400,REV00000400,ORD0001119,5,2025-11-21T16:46:07,positive
REVSRC0000401,REV00000401,ORD0010925,5,2025-09-06T20:12:06,positive
REVSRC0000402,REV00000402,ORD0045370,3,2025-12-17T05:19:42,neutral
REVSRC0000403,REV00000403,ORD0066092,5,2025-02-15T09:21:55,positive
REVSRC0000404,REV00000404,ORD0055651,4,2025-07-13T22:30:33,positive
REVSRC0000405,REV00000405,ORD0073747,4,2025-11-30T06:18:30,positive
REVSRC0000406,REV00000406,ORD0010195,5,2025-03-11T04:57:15,positive
REVSRC0000407,REV00000407,ORD0020566,4,2025-08-20T13:43:04,positive
REVSRC0000408,REV00000408,ORD0062816,5,2025-07-13T05:29:01,positive
REVSRC0000409,REV00000409,ORD0031397,5,2025-10-05T07:05:49,positive
REVSRC0000410,REV00000410,ORD0066382,5,2025-07-26T04:14:35,positive
REVSRC0000411,REV00000411,ORD0016820,5,2025-11-04T01:18:55,positive
REVSRC0000412,REV00000412,ORD0052741,4,2025-10-22T17:46:57,positive
REVSRC0000413,REV00000413,ORD0028043,3,2025-05-06T04:16:11,neutral
REVSRC0000414,REV00000414,ORD0041610,4,2025-01-17T02:40:31,positive
REVSRC0000415,REV00000415,ORD0052181,4,2025-07-11T14:56:54,positive
REVSRC0000416,REV00000416,ORD0098252,4,2025-06-28T04:42:19,positive
REVSRC0000417,REV00000417,ORD0003017,4,2025-07-29T04:52:42,positive
REVSRC0000418,REV00000418,ORD0038315,4,2025-12-01T09:03:38,positive
REVSRC0000419,REV00000419,ORD0048678,4,2025-08-19T12:45:34,positive
REVSRC0000420,REV00000420,ORD0034011,5,2025-07-12T17:20:41,positive
REVSRC0000421,REV00000421,ORD0088801,9,2025-10-16T07:12:59,positive
REVSRC0000422,REV00000422,ORD0023778,3,2025-04-26T22:23:37,neutral
REVSRC0000423,REV00000423,ORD0003614,1,2025-11-12T03:10:27,negative
REVSRC0000424,REV00000424,ORD0060992,4,2025-02-27T09:06:36,positive
REVSRC0000425,REV00064928,ORD0086915,3,2025-09-11T12:46:29,neutral
REVSRC0000426,REV00000426,ORD0040674,5,2025-02-19T18:40:25,positive
REVSRC0000427,REV00000427,ORD0095676,5,2025-01-16T09:11:35,positive
REVSRC0000428,REV00000428,ORD0090613,2,2025-12-04T09:51:43,negative
REVSRC0000429,REV00000429,ORD0009307,4,2025-05-25T21:17:20,positive
REVSRC0000430,REV00000430,ORD0019434,4,2025-06-13T04:34:54,positive
REVSRC0000431,REV00000431,ORD0076819,1,2025-12-14T07:49:18,negative
REVSRC0000432,REV00000432,ORD0040668,9,2025-09-04T13:48:07,positive
REVSRC0000433,REV00000433,ORD0070762,4,2025-06-05T20:28:44,positive
REVSRC0000434,REV00000434,ORD0090935,4,2025-06-07T20:22:32,positive
REVSRC0000435,REV00000435,ORD0063957,5,2025-11-02T23:46:04,positive
REVSRC0000436,REV00000436,ORD0055880,5,2025-10-14T02:31:53,positive
REVSRC0000437,REV00000437,ORD0002416,4,2025-08-02T09:02:56,positive
REVSRC0000438,REV00000438,ORD0049545,1,2025-08-17T19:00:26,negative
REVSRC0000439,REV00000439,ORD0089001,4,2025-05-11T01:37:32,positive
REVSRC0000440,REV00000440,ORD0041514,4,2025-11-11T02:19:21,positive
REVSRC0000441,REV00000441,ORD0028082,5,2025-03-31T09:37:32,positive
REVSRC0000442,REV00000442,ORD0095912,4,2025-10-26T21:56:17,positive
REVSRC0000443,REV00000443,ORD0078612,5,2025-04-12T12:40:51,positive
REVSRC0000444,REV00000444,ORD0014890,4,2025-08-22T12:48:39,positive
REVSRC0000445,REV00000445,ORD0011953,4,2025-10-31T20:50:19,positive
REVSRC0000446,REV00000446,ORD0039522,3,2025-08-06T21:52:14,neutral
REVSRC0000447,REV00000447,ORD0079039,4,2025-08-05T19:38:27,positive
REVSRC0000448,REV00000448,ORD0094382,4,2025-07-31T13:18:05,positive
REVSRC0000449,REV00000449,ORD0030193,5,2025-06-15T07:22:18,positive
REVSRC0000450,REV00000450,ORD0089019,4,2025-01-23T21:08:41,positive
REVSRC0000451,REV00000451,ORD0033448,4,2025-08-21T19:12:24,positive
REVSRC0000452,REV00000452,ORD0063540,5,2025-05-09T09:09:38,positive
REVSRC0000453,REV00000453,ORD0070874,4,2025-04-28T05:08:06,positive
REVSRC0000454,REV00000454,ORD0028822,4,2025-08-07T00:40:11,positive
REVSRC0000455,REV00000455,ORD0074736,5,2025-06-26T14:02:12,positive
REVSRC0000456,REV00000456,ORD0061716,1,2025-04-09T06:35:30,negative
REVSRC0000457,REV00000457,ORD0016792,2,2025-06-20T14:38:26,negative
REVSRC0000458,REV00000458,ORD0086196,5,2025-03-05T12:47:02,positive
REVSRC0000459,REV00000459,ORD0097963,5,2025-12-19T06:35:28,positive
REVSRC0000460,REV00000460,ORD0075136,4,2025-10-31T12:32:33,positive
REVSRC0000461,REV00000461,ORD0020797,4,2025-07-30T10:17:52,positive
REVSRC0000462,REV00000462,ORD0053217,2,2025-09-21T01:12:07,negative
REVSRC0000463,REV00000463,ORD0084662,2,2025-05-15T05:05:44,negative
REVSRC0000464,REV00000464,ORD0010012,5,2025-09-07T10:52:51,positive
REVSRC0000465,REV00000465,ORD0086657,4,2025-08-26T08:18:42,positive
REVSRC0000466,REV00000466,ORD0093748,5,2025-05-13T18:24:41,positive
REVSRC0000467,REV00000467,ORD0048112,3,2025-12-17T01:04:55,neutral
REVSRC0000468,REV00000468,ORD0026593,2,2025-04-04T23:04:32,negative
REVSRC0000469,REV00000469,ORD0095025,4,2025-01-20T22:07:21,positive
REVSRC0000470,REV00000470,ORD0035480,5,2025-09-15T04:24:35,positive
REVSRC0000471,REV00000471,ORD9999999,5,2025-08-18T00:24:57,positive
REVSRC0000472,REV00000472,ORD0039036,4,2025-06-15T19:34:31,positive
REVSRC0000473,REV00000473,ORD0013130,4,2025-02-09T05:21:56,positive
REVSRC0000474,REV00000474,ORD0037150,4,2025-03-13T03:16:10,positive
REVSRC0000475,REV00000475,ORD0026488,4,2025-07-20T08:08:12,positive
REVSRC0000476,REV00000476,ORD0088600,5,2025-10-04T19:00:38,positive
REVSRC0000477,REV00000477,ORD0095663,4,2025-05-05T20:38:10,positive
REVSRC0000478,REV00000478,ORD0005735,4,2025-05-20T03:04:24,positive
REVSRC0000479,REV00000479,ORD0039366,5,2025-07-06T01:57:54,positive
REVSRC0000480,REV00000480,ORD0050417,5,2025-05-21T07:58:41,positive
REVSRC0000481,REV00000481,ORD0099388,5,2025-07-10T10:44:11,positive
REVSRC0000482,REV00000482,ORD0055398,3,2025-10-02T02:31:01,neutral
REVSRC0000483,REV00000483,ORD0046755,3,2025-05-28T15:38:18,neutral
REVSRC0000484,REV00000484,ORD0058530,5,2025-03-01T19:10:20,positive
REVSRC0000485,REV00000485,ORD0068607,2,2025-08-30T22:35:45,negative
REVSRC0000486,REV00000486,ORD0072984,5,2025-05-03T17:55:23,positive
REVSRC0000487,REV00000487,ORD0087641,4,2025-03-26T07:37:06,positive
REVSRC0000488,REV00000488,ORD0087587,4,2025-05-15T12:25:52,positive
REVSRC0000489,REV00000489,ORD0071261,5,2025-05-18T14:02:05,positive
REVSRC0000490,REV00000490,ORD0052801,5,2025-06-26T08:18:59,positive
REVSRC0000491,REV00000491,ORD0076187,4,2025-07-07T06:24:55,positive
REVSRC0000492,REV00000492,ORD0012828,5,2025-06-14T18:24:25,positive
REVSRC0000493,REV00000493,ORD0033424,5,2025-10-18T08:17:05,positive
REVSRC0000494,REV00000494,ORD0039254,4,2025-02-26T12:56:42,positive
REVSRC0000495,REV00000495,ORD0055981,5,2025-04-30T13:44:43,positive
REVSRC0000496,REV00000496,ORD0057493,4,2025-09-23T15:32:27,positive
REVSRC0000497,REV00000497,ORD0094289,5,2025-09-23T14:33:09,positive
REVSRC0000498,REV00000498,ORD0006471,4,2025-10-29T12:31:12,positive
REVSRC0000499,REV00000499,ORD0044375,4,2025-12-02T22:57:13,positive
REVSRC0000500,REV00000500,ORD0077119,4,2025-12-04T15:43:29,positive
